Name,Band,1,2,4,8,16,32,64,128,256,512
ESSENCEg097,FUV,2,0,0,3,0,6,2,0,0,0
ESSENCEg097,NUV,0,0,0,0,0,9,0,0,0,0
ESSENCEg142,FUV,0,0,0,0,0,0,0,0,0,0
ESSENCEg142,NUV,0,0,0,0,0,0,0,0,0,0
ESSENCEg230,FUV,0,0,0,2,0,2,0,0,0,0
ESSENCEg230,NUV,0,0,0,0,0,6,0,0,0,0
ESSENCEm027,FUV,0,0,0,1,0,3,1,0,0,0
ESSENCEm027,NUV,0,0,0,0,0,3,0,0,0,0
ESSENCEm043,FUV,1,0,0,2,0,0,2,0,0,0
ESSENCEm043,NUV,1,0,0,0,0,0,1,0,0,0
ESSENCEm062,FUV,1,0,0,1,0,3,1,0,0,0
ESSENCEm062,NUV,0,0,0,0,0,3,0,0,0,0
ESSENCEm075,FUV,1,0,0,1,0,2,1,0,0,0
ESSENCEm075,NUV,0,0,0,0,0,2,0,0,0,0
ESSENCEn263,NUV,0,0,0,0,0,3,0,0,0,0
ESSENCEn278,FUV,0,0,0,6,0,8,2,0,0,0
ESSENCEn278,NUV,1,0,0,0,0,8,1,0,0,0
ESSENCEn326,NUV,1,0,0,1,0,0,1,0,0,0
ESSENCEn400,FUV,1,0,0,2,0,1,1,0,0,0
ESSENCEn400,NUV,1,0,0,0,0,1,1,0,0,0
ESSENCEp425,FUV,0,0,0,3,0,7,0,0,0,0
ESSENCEp425,NUV,0,0,0,0,0,8,0,0,0,0
ESSENCEp434,FUV,0,0,0,0,0,0,0,0,0,0
ESSENCEp434,NUV,0,0,0,0,0,4,0,0,0,0
ESSENCEp527,FUV,0,0,0,0,0,0,0,0,0,0
ESSENCEp527,NUV,1,0,0,0,0,1,1,0,0,0
ESSENCEq002,FUV,0,0,0,0,0,0,0,0,0,0
ESSENCEq002,NUV,0,0,0,0,0,0,0,0,0,0
ESSENCEq006,FUV,0,0,0,1,0,0,0,0,0,0
ESSENCEq006,NUV,0,0,0,0,0,0,0,0,0,0
ESSENCEq021,FUV,2,0,0,1,0,3,2,0,0,0
ESSENCEq021,NUV,1,0,0,0,0,3,3,0,0,0
ESSENCEq022,FUV,0,0,0,2,0,0,0,0,0,0
ESSENCEq022,NUV,1,0,0,0,0,4,1,0,0,0
HST04Sas,FUV,7,0,0,2,0,0,12,0,0,0
HST04Sas,NUV,22,0,0,0,0,0,25,0,0,0
Hawk,FUV,2,0,0,0,0,0,2,0,0,0
Hawk,NUV,2,0,0,0,0,0,4,0,0,0
PS1-1000004,FUV,9,0,31,48,0,107,15,0,0,0
PS1-1000004,NUV,2,0,43,0,0,138,2,0,0,0
PS1-1000005,NUV,3,0,0,0,0,3,3,0,0,0
PS1-1000007,NUV,2,0,1,2,0,92,2,0,0,0
PS1-1000008,NUV,0,0,0,0,0,45,0,0,0,0
PS1-1000009,NUV,2,0,0,0,0,17,3,0,0,0
PS1-10acx,NUV,0,0,0,0,0,18,0,0,0,3
PS1-10bls,NUV,3,0,1,1,0,2,5,0,0,0
PS1-10byr,NUV,11,0,2,0,0,1,14,0,0,0
PS1-10ia,NUV,0,0,0,0,0,0,0,0,0,0
PS1-10if,NUV,1,0,0,0,0,2,1,0,0,0
PS1-10io,NUV,6,0,0,0,0,20,7,0,0,0
PS1-10j,NUV,2,0,0,0,0,0,3,0,0,0
PS1-10n,NUV,3,0,0,2,0,8,5,0,0,0
PS1-10o,NUV,3,0,2,0,0,8,4,0,0,0
PS1-10s,NUV,21,0,2,0,0,3,21,0,0,0
PS1-11at,FUV,9,0,4,16,0,14,12,0,0,0
PS1-11at,NUV,5,0,4,0,0,47,5,0,0,0
PS1-11bk,NUV,1,0,1,0,0,0,1,0,0,0
PS1-11fi,NUV,3,0,0,0,0,0,4,0,0,0
PS1-11kk,NUV,2,0,0,0,0,11,3,0,0,1
PS1-11uw,NUV,0,0,0,0,0,4,2,0,0,4
PS1-11w,NUV,3,0,0,2,0,49,3,0,0,0
PS1-11yj,NUV,0,0,0,0,0,1,0,0,0,1
PS1-11yu,NUV,1,0,2,0,0,4,1,0,0,1
PS1-11zu,NUV,0,0,0,0,0,4,0,0,0,1
PS1-11zv,NUV,2,0,1,0,0,0,2,0,0,1
PS1-11zw,NUV,4,0,3,0,0,9,4,0,0,1
PSc000022,NUV,4,0,1,6,0,73,4,0,0,0
PSc000200,NUV,6,0,2,2,0,4,11,0,0,0
PSc000552,FUV,12,0,2,4,0,3,16,0,0,0
PSc000552,NUV,1,0,3,10,0,5,1,0,0,0
PSc010218,NUV,2,0,1,0,0,28,4,0,0,0
PSc020104,NUV,0,0,2,2,0,1,0,0,0,0
PSc040139,NUV,19,0,4,1,0,222,19,0,0,0
PSc040318,NUV,7,0,4,0,0,221,10,0,0,0
PSc040783,NUV,6,0,0,0,0,0,9,0,0,1
PSc050617,NUV,0,0,0,0,0,3,0,0,0,0
PSc060242,NUV,0,0,0,0,0,9,0,0,0,0
PSc061191,NUV,1,0,2,0,0,94,2,0,0,0
PSc061197,NUV,1,0,1,0,0,43,1,0,0,0
PSc070003,NUV,1,0,0,0,0,0,1,0,0,0
PSc070054,NUV,1,0,0,0,0,3,1,0,0,1
PSc070470,NUV,2,0,1,0,0,4,3,0,0,0
PSc070530,NUV,0,0,2,0,0,36,0,0,0,0
PSc070567,NUV,0,0,0,0,0,5,0,0,0,0
PSc071032,NUV,5,0,2,0,0,4,5,0,0,0
PSc080064,NUV,1,0,1,0,0,56,2,0,0,0
PSc080438,FUV,6,0,3,2,0,0,7,0,0,0
PSc080438,NUV,0,0,3,2,0,0,0,0,0,0
PSc080723,NUV,13,0,1,0,0,23,15,0,0,0
PSc090107,NUV,0,0,0,0,0,3,0,0,0,0
PSc090275,NUV,3,0,41,0,0,0,3,0,0,0
PSc091748,NUV,1,0,0,2,0,0,1,0,0,0
PSc100163,NUV,5,0,0,3,0,41,6,0,0,0
PSc100164,NUV,0,0,0,1,0,29,0,0,0,0
PSc100206,NUV,0,0,1,0,0,0,0,0,0,0
PSc100405,NUV,1,0,2,0,0,19,1,0,0,0
PSc110014,NUV,3,0,0,1,0,1,3,0,0,0
PSc110725,NUV,0,0,0,0,0,2,0,0,0,0
PSc120111,FUV,14,0,2,15,0,0,17,0,0,0
PSc120111,NUV,2,0,3,1,0,2,2,0,0,0
PSc120706,FUV,16,0,1,27,0,56,22,0,0,0
PSc120706,NUV,8,0,2,2,0,66,8,0,0,0
PSc130373,NUV,0,0,0,0,0,0,0,0,0,0
PSc140210,NUV,1,0,0,2,0,0,1,0,0,0
PSc150210,NUV,9,0,2,0,0,85,11,0,0,0
PSc180255,NUV,4,0,0,1,0,7,9,0,0,0
PSc180561,NUV,0,0,0,0,0,0,0,0,0,0
PSc380204,NUV,2,0,0,0,0,6,3,0,0,0
PSc500020,NUV,1,0,2,4,0,30,2,0,0,0
PSc500043,FUV,14,0,6,52,0,46,18,0,0,0
PSc500043,NUV,3,0,7,3,0,59,3,0,0,0
PSc500065,NUV,0,0,0,1,0,0,1,0,0,0
PSc550031,NUV,1,0,1,0,0,2,1,0,0,0
PSc580072,FUV,17,0,7,53,0,48,24,0,0,0
PSc580072,NUV,3,0,6,0,0,55,5,0,0,0
PSc590191,FUV,11,0,4,4,0,0,13,0,0,0
PSc590191,NUV,3,0,3,7,0,0,4,0,0,0
PTF09foz,NUV,4,0,0,0,0,0,4,0,0,0
PTF10cko,NUV,0,0,0,0,0,2,0,0,0,0
PTF10fej,NUV,3,0,0,0,0,28,5,0,0,2
PTF10gsp,NUV,0,0,0,0,0,3,0,0,0,0
PTF10nda,NUV,0,0,0,0,0,4,0,0,0,0
PTF10qna,NUV,0,0,0,0,0,5,0,0,0,0
PTF10rbp,NUV,0,0,0,0,0,0,0,0,0,0
PTF10trp,NUV,0,0,0,0,0,0,0,0,0,0
PTF10ujt,NUV,0,0,1,0,0,5,0,0,0,0
PTF10vnu,NUV,2,0,0,0,0,0,2,0,0,0
PTF11dej,NUV,0,0,0,0,0,0,0,0,0,0
SDSS-II SN 10036,FUV,0,0,0,0,0,0,1,0,0,0
SDSS-II SN 10036,NUV,0,0,0,0,0,0,0,0,0,0
SDSS-II SN 10066,FUV,2,0,1,14,0,24,6,0,0,0
SDSS-II SN 10066,NUV,2,0,1,0,0,72,4,0,0,0
SDSS-II SN 10113,FUV,0,0,0,2,0,0,0,0,0,0
SDSS-II SN 10113,NUV,0,0,0,0,0,0,0,0,0,0
SDSS-II SN 10146,FUV,0,0,0,1,0,1,0,0,0,0
SDSS-II SN 10146,NUV,0,0,0,0,0,1,0,0,0,0
SDSS-II SN 10450,FUV,0,0,0,3,0,5,0,0,0,0
SDSS-II SN 10450,NUV,0,0,0,0,0,6,0,0,0,0
SDSS-II SN 10506,FUV,0,0,0,0,0,0,1,0,0,0
SDSS-II SN 10506,NUV,0,0,0,0,0,0,0,0,0,0
SDSS-II SN 10524,FUV,1,0,0,0,0,0,1,0,0,0
SDSS-II SN 10524,NUV,0,0,0,0,0,0,0,0,0,0
SDSS-II SN 10559,FUV,1,0,0,0,0,0,1,0,0,0
SDSS-II SN 10559,NUV,0,0,0,0,0,0,0,0,0,0
SDSS-II SN 11026,FUV,1,0,0,3,0,3,1,0,0,0
SDSS-II SN 11026,NUV,0,0,0,0,0,3,0,0,0,0
SDSS-II SN 11098,FUV,1,0,0,4,0,7,1,0,0,0
SDSS-II SN 11098,NUV,0,0,0,0,0,12,0,0,0,0
SDSS-II SN 11156,FUV,1,0,0,0,0,0,1,0,0,0
SDSS-II SN 11156,NUV,0,0,0,0,0,0,0,0,0,0
SDSS-II SN 11181,FUV,0,0,0,1,0,0,0,0,0,0
SDSS-II SN 11181,NUV,1,0,0,0,0,0,1,0,0,0
SDSS-II SN 11305,FUV,0,0,0,0,0,0,0,0,0,0
SDSS-II SN 11305,NUV,0,0,0,0,0,0,0,0,0,0
SDSS-II SN 11317,FUV,2,0,1,2,0,0,2,0,0,0
SDSS-II SN 11317,NUV,0,0,1,0,0,1,0,0,0,0
SDSS-II SN 11370,FUV,0,0,0,2,0,3,0,0,0,0
SDSS-II SN 11370,NUV,0,0,0,0,0,3,0,0,0,0
SDSS-II SN 11518,FUV,1,0,0,1,0,0,1,0,0,0
SDSS-II SN 11518,NUV,0,0,0,0,0,0,0,0,0,0
SDSS-II SN 1166,FUV,1,0,0,0,0,2,2,0,0,0
SDSS-II SN 1166,NUV,1,0,0,0,0,2,1,0,0,0
SDSS-II SN 11771,FUV,1,0,0,0,0,0,2,0,0,0
SDSS-II SN 11771,NUV,1,0,0,0,0,0,1,0,0,0
SDSS-II SN 11858,FUV,0,0,0,3,0,4,0,0,0,0
SDSS-II SN 11858,NUV,1,0,0,0,0,5,1,0,0,0
SDSS-II SN 12199,FUV,1,0,0,0,0,0,2,0,0,0
SDSS-II SN 12199,NUV,0,0,0,0,0,0,0,0,0,0
SDSS-II SN 12213,FUV,0,0,0,3,0,4,0,0,0,0
SDSS-II SN 12213,NUV,0,0,0,0,0,7,0,0,0,0
SDSS-II SN 12804,FUV,1,0,0,2,0,1,1,0,0,0
SDSS-II SN 12804,NUV,1,0,0,0,0,1,1,0,0,0
SDSS-II SN 12852,NUV,0,0,2,0,0,7,0,0,0,0
SDSS-II SN 12875,FUV,2,0,0,2,0,6,3,0,0,0
SDSS-II SN 12875,NUV,0,0,0,0,0,6,0,0,0,0
SDSS-II SN 12879,FUV,0,0,0,0,0,0,0,0,0,0
SDSS-II SN 12879,NUV,0,0,0,0,0,0,0,0,0,0
SDSS-II SN 12936,FUV,0,0,0,0,0,0,0,0,0,0
SDSS-II SN 12936,NUV,0,0,0,0,0,0,0,0,0,0
SDSS-II SN 12941,FUV,0,0,0,0,0,0,0,0,0,0
SDSS-II SN 12941,NUV,0,0,0,0,0,0,0,0,0,0
SDSS-II SN 12974,FUV,0,0,0,0,0,0,0,0,0,0
SDSS-II SN 12974,NUV,0,0,0,0,0,0,0,0,0,0
SDSS-II SN 12978,FUV,0,0,0,2,0,4,0,0,0,0
SDSS-II SN 12978,NUV,0,0,0,0,0,4,0,0,0,0
SDSS-II SN 1302,FUV,1,0,0,1,0,0,1,0,0,0
SDSS-II SN 1302,NUV,0,0,0,0,0,0,0,0,0,0
SDSS-II SN 13101,FUV,0,0,0,0,0,0,1,0,0,0
SDSS-II SN 13101,NUV,0,0,0,0,0,0,0,0,0,0
SDSS-II SN 13108,FUV,0,0,1,0,0,0,0,0,0,0
SDSS-II SN 13108,NUV,1,0,1,0,0,0,1,1,0,0
SDSS-II SN 13147,FUV,1,0,0,1,0,0,1,0,0,0
SDSS-II SN 13147,NUV,0,0,0,0,0,0,0,0,0,0
SDSS-II SN 13168,FUV,1,0,0,0,0,0,1,0,0,0
SDSS-II SN 13168,NUV,0,0,0,0,0,0,0,0,0,0
SDSS-II SN 13177,FUV,0,0,0,1,0,3,0,0,0,0
SDSS-II SN 13177,NUV,0,0,1,0,0,3,0,0,0,0
SDSS-II SN 13333,FUV,0,0,0,0,0,0,0,0,0,0
SDSS-II SN 13333,NUV,0,0,0,0,0,2,0,0,0,0
SDSS-II SN 13378,FUV,0,0,0,0,0,1,1,0,0,0
SDSS-II SN 13378,NUV,0,0,0,0,0,1,0,0,0,0
SDSS-II SN 13393,FUV,0,0,0,0,0,0,0,0,0,0
SDSS-II SN 13393,NUV,0,0,0,0,0,0,0,0,0,0
SDSS-II SN 13411,FUV,1,0,0,1,0,6,1,0,0,0
SDSS-II SN 13411,NUV,0,0,0,0,0,8,0,0,0,0
SDSS-II SN 1342,FUV,1,0,0,0,0,0,1,0,0,0
SDSS-II SN 1342,NUV,0,0,0,0,0,0,0,0,0,0
SDSS-II SN 13452,FUV,0,0,0,0,0,0,0,0,0,0
SDSS-II SN 13452,NUV,0,0,0,0,0,0,0,0,0,0
SDSS-II SN 13458,FUV,0,0,1,4,0,7,1,0,0,0
SDSS-II SN 13458,NUV,0,0,1,0,0,7,0,0,0,0
SDSS-II SN 13465,FUV,1,0,1,5,0,6,2,0,0,0
SDSS-II SN 13465,NUV,1,0,1,0,0,6,1,0,0,0
SDSS-II SN 13476,FUV,0,0,0,0,0,0,0,0,0,0
SDSS-II SN 13476,NUV,0,0,0,0,0,0,0,0,0,0
SDSS-II SN 13479,FUV,1,0,0,3,0,1,1,0,0,0
SDSS-II SN 13479,NUV,2,0,0,0,0,1,2,0,0,0
SDSS-II SN 13497,FUV,0,0,0,0,0,0,0,0,0,0
SDSS-II SN 13497,NUV,0,0,0,0,0,0,0,0,0,0
SDSS-II SN 13507,FUV,1,0,0,1,0,4,1,0,0,0
SDSS-II SN 13507,NUV,0,0,0,0,0,4,0,0,0,0
SDSS-II SN 13520,FUV,1,0,0,0,0,3,1,0,0,0
SDSS-II SN 13520,NUV,0,0,0,0,0,3,0,0,0,0
SDSS-II SN 13529,FUV,0,0,0,1,0,0,0,0,0,0
SDSS-II SN 13529,NUV,0,0,0,0,0,0,0,0,0,0
SDSS-II SN 13532,FUV,2,0,0,3,0,6,2,0,0,0
SDSS-II SN 13532,NUV,0,0,0,1,0,6,0,0,0,0
SDSS-II SN 13590,FUV,1,0,0,0,0,0,2,0,0,0
SDSS-II SN 13590,NUV,1,0,0,1,0,0,1,0,0,0
SDSS-II SN 13615,FUV,0,0,0,2,0,0,0,0,0,0
SDSS-II SN 13615,NUV,3,0,25,5,0,34,3,0,0,0
SDSS-II SN 13646,FUV,1,0,0,0,0,0,1,0,0,0
SDSS-II SN 13646,NUV,0,0,0,0,0,0,0,0,0,0
SDSS-II SN 13716,NUV,0,0,0,0,0,0,0,0,0,0
SDSS-II SN 13729,FUV,1,0,0,2,0,1,3,0,0,0
SDSS-II SN 13729,NUV,3,0,0,0,0,3,3,0,0,0
SDSS-II SN 13731,FUV,1,0,0,1,0,6,1,0,0,0
SDSS-II SN 13731,NUV,2,0,0,0,0,8,2,0,0,0
SDSS-II SN 13732,FUV,2,0,1,6,0,9,4,0,0,0
SDSS-II SN 13732,NUV,0,0,1,0,0,10,0,0,0,0
SDSS-II SN 13734,FUV,0,0,0,0,0,0,1,0,0,0
SDSS-II SN 13734,NUV,1,0,0,0,0,0,1,0,0,0
SDSS-II SN 13737,NUV,0,0,0,0,0,0,0,0,0,0
SDSS-II SN 13777,FUV,1,0,0,2,0,6,1,0,0,0
SDSS-II SN 13777,NUV,0,0,0,0,0,6,0,0,0,0
SDSS-II SN 1378,FUV,0,0,0,0,0,0,0,0,0,0
SDSS-II SN 1378,NUV,0,0,0,0,0,0,0,0,0,0
SDSS-II SN 13813,FUV,0,0,0,0,0,0,0,0,0,0
SDSS-II SN 13813,NUV,0,0,0,0,0,0,0,0,0,0
SDSS-II SN 13833,FUV,2,0,0,5,0,6,2,0,0,0
SDSS-II SN 13833,NUV,0,0,0,0,0,6,0,0,0,0
SDSS-II SN 13836,FUV,0,0,0,0,0,0,0,0,0,0
SDSS-II SN 13836,NUV,2,0,0,0,0,0,2,0,0,0
SDSS-II SN 13839,NUV,0,0,1,0,0,0,0,0,0,0
SDSS-II SN 13843,FUV,0,0,0,1,0,1,0,0,0,0
SDSS-II SN 13843,NUV,0,0,0,0,0,6,0,0,0,0
SDSS-II SN 1385,FUV,0,0,0,0,0,0,0,0,0,0
SDSS-II SN 1385,NUV,0,0,0,0,0,0,0,0,0,0
SDSS-II SN 13859,FUV,0,0,0,1,0,0,0,0,0,0
SDSS-II SN 13859,NUV,0,0,0,0,0,0,0,0,0,0
SDSS-II SN 13864,FUV,0,0,0,1,0,0,0,0,0,0
SDSS-II SN 13864,NUV,0,0,0,0,0,0,0,0,0,0
SDSS-II SN 13867,NUV,3,0,4,1,0,1,3,0,0,0
SDSS-II SN 13896,FUV,0,0,0,2,0,1,1,0,0,0
SDSS-II SN 13896,NUV,0,0,1,0,0,1,0,0,0,0
SDSS-II SN 13901,FUV,0,0,0,2,0,3,0,0,0,0
SDSS-II SN 13901,NUV,0,0,0,0,0,3,0,0,0,0
SDSS-II SN 13902,FUV,0,0,0,0,0,0,0,0,0,0
SDSS-II SN 13902,NUV,0,0,0,0,0,1,0,0,0,0
SDSS-II SN 13903,FUV,0,0,0,0,0,1,1,0,0,0
SDSS-II SN 13903,NUV,0,0,0,0,0,1,0,0,0,0
SDSS-II SN 13907,FUV,2,0,0,2,0,3,3,0,0,0
SDSS-II SN 13907,NUV,0,0,0,0,0,3,0,0,0,0
SDSS-II SN 13908,FUV,0,0,0,2,0,1,0,0,0,0
SDSS-II SN 13908,NUV,0,0,0,0,0,1,0,0,0,0
SDSS-II SN 13909,FUV,1,0,0,0,0,0,1,0,0,0
SDSS-II SN 13909,NUV,0,0,0,0,0,0,0,0,0,0
SDSS-II SN 13942,FUV,0,0,0,0,0,4,0,0,0,0
SDSS-II SN 13942,NUV,1,0,0,0,0,4,1,0,0,0
SDSS-II SN 13946,FUV,0,0,0,0,0,0,0,0,0,0
SDSS-II SN 13946,NUV,0,0,0,0,0,0,0,0,0,0
SDSS-II SN 13958,FUV,0,0,0,0,0,0,0,0,0,0
SDSS-II SN 13958,NUV,0,0,0,0,0,0,0,0,0,0
SDSS-II SN 1403,FUV,1,0,0,0,0,0,1,0,0,0
SDSS-II SN 1403,NUV,0,0,0,0,0,0,0,0,0,0
SDSS-II SN 14035,FUV,0,0,0,0,0,0,1,0,0,0
SDSS-II SN 14035,NUV,0,0,0,0,0,0,0,0,0,0
SDSS-II SN 14046,FUV,8,0,3,28,0,45,10,0,0,0
SDSS-II SN 14046,NUV,1,0,4,0,0,54,1,0,0,0
SDSS-II SN 14074,FUV,2,0,0,0,0,4,2,0,0,0
SDSS-II SN 14074,NUV,0,0,0,0,0,5,0,0,0,0
SDSS-II SN 14093,FUV,0,0,0,0,0,0,0,0,0,0
SDSS-II SN 14093,NUV,0,0,0,0,0,0,0,0,0,0
SDSS-II SN 14113,FUV,2,0,0,2,0,0,2,0,0,0
SDSS-II SN 14113,NUV,0,0,0,0,0,0,0,0,0,0
SDSS-II SN 14137,FUV,1,0,0,1,0,2,1,0,0,0
SDSS-II SN 14137,NUV,0,0,0,0,0,2,0,0,0,0
SDSS-II SN 1415,FUV,1,0,0,15,0,26,2,0,0,0
SDSS-II SN 1415,NUV,0,0,0,0,0,27,0,0,0,0
SDSS-II SN 14169,FUV,0,0,0,1,0,0,0,0,0,0
SDSS-II SN 14169,NUV,0,0,0,0,0,0,0,0,0,0
SDSS-II SN 14177,NUV,0,0,0,0,0,1,0,0,0,0
SDSS-II SN 14223,FUV,0,0,0,0,0,0,0,0,0,0
SDSS-II SN 14223,NUV,0,0,0,0,0,0,0,0,0,0
SDSS-II SN 14231,FUV,0,0,0,0,0,0,0,0,0,0
SDSS-II SN 14231,NUV,0,0,0,1,0,0,0,0,0,0
SDSS-II SN 14250,FUV,0,0,0,1,0,1,0,0,0,0
SDSS-II SN 14250,NUV,0,0,0,0,0,1,0,0,0,0
SDSS-II SN 14268,FUV,1,0,0,0,0,0,1,0,0,0
SDSS-II SN 14268,NUV,0,0,0,0,0,0,0,0,0,0
SDSS-II SN 14305,NUV,2,0,0,0,0,0,3,0,0,0
SDSS-II SN 14317,FUV,0,0,0,0,0,0,0,0,0,0
SDSS-II SN 14317,NUV,0,0,0,0,0,0,0,0,0,0
SDSS-II SN 14322,FUV,1,0,0,0,0,1,1,0,0,0
SDSS-II SN 14322,NUV,0,0,0,0,0,3,0,0,0,0
SDSS-II SN 14327,FUV,0,0,0,2,0,1,1,0,0,0
SDSS-II SN 14330,FUV,1,0,0,0,0,0,1,0,0,0
SDSS-II SN 14330,NUV,0,0,0,0,0,0,0,0,0,0
SDSS-II SN 14333,FUV,0,0,0,1,0,0,0,0,0,0
SDSS-II SN 14333,NUV,0,0,0,0,0,0,0,0,0,0
SDSS-II SN 14343,FUV,3,0,0,4,0,3,3,0,0,0
SDSS-II SN 14343,NUV,0,0,0,0,0,3,0,0,0,0
SDSS-II SN 14346,FUV,0,0,0,0,0,5,1,0,0,0
SDSS-II SN 14346,NUV,0,0,0,0,0,5,0,0,0,0
SDSS-II SN 14347,FUV,0,0,0,4,0,5,0,0,0,0
SDSS-II SN 14347,NUV,0,0,0,0,0,5,0,0,0,0
SDSS-II SN 14361,FUV,1,0,0,0,0,0,2,0,0,0
SDSS-II SN 14361,NUV,0,0,0,0,0,0,0,0,0,0
SDSS-II SN 14389,FUV,0,0,0,0,0,0,0,0,0,0
SDSS-II SN 14389,NUV,0,0,0,0,0,0,0,0,0,0
SDSS-II SN 14403,FUV,0,0,0,1,0,0,1,0,0,0
SDSS-II SN 14403,NUV,0,0,0,0,0,0,0,0,0,0
SDSS-II SN 14438,FUV,1,0,0,0,0,0,1,0,0,0
SDSS-II SN 14438,NUV,0,0,0,0,0,0,0,0,0,0
SDSS-II SN 14445,FUV,0,0,0,2,0,5,0,0,0,0
SDSS-II SN 14445,NUV,0,0,1,0,0,9,0,0,0,0
SDSS-II SN 14446,FUV,0,0,0,1,0,0,1,0,0,0
SDSS-II SN 14446,NUV,0,0,1,0,0,0,0,0,0,0
SDSS-II SN 14453,FUV,0,0,0,0,0,2,1,0,0,0
SDSS-II SN 14453,NUV,0,0,0,0,0,2,0,0,0,0
SDSS-II SN 14470,FUV,0,0,0,1,0,1,0,0,0,0
SDSS-II SN 14470,NUV,0,0,0,0,0,1,0,0,0,0
SDSS-II SN 14478,FUV,0,0,0,0,0,0,0,0,0,0
SDSS-II SN 14478,NUV,0,0,0,0,0,0,0,0,0,0
SDSS-II SN 14480,FUV,0,0,0,0,0,3,1,0,0,0
SDSS-II SN 14480,NUV,0,0,0,0,0,3,0,0,0,0
SDSS-II SN 14498,FUV,0,0,0,0,0,0,0,0,0,0
SDSS-II SN 14498,NUV,0,0,0,0,0,0,0,0,0,0
SDSS-II SN 14500,FUV,0,0,0,0,0,5,0,0,0,0
SDSS-II SN 14500,NUV,0,0,0,0,0,5,0,0,0,0
SDSS-II SN 14505,FUV,0,0,0,1,0,2,1,0,0,0
SDSS-II SN 14505,NUV,0,0,0,0,0,2,0,0,0,0
SDSS-II SN 14523,FUV,0,0,0,1,0,1,0,0,0,0
SDSS-II SN 14523,NUV,0,0,0,0,0,1,0,0,0,0
SDSS-II SN 14524,FUV,1,0,0,1,0,1,1,0,0,0
SDSS-II SN 14524,NUV,0,0,0,0,0,2,0,0,0,0
SDSS-II SN 14525,FUV,0,0,0,1,0,2,0,0,0,0
SDSS-II SN 14525,NUV,0,0,0,0,0,3,0,0,0,0
SDSS-II SN 14531,FUV,0,0,0,0,0,0,0,0,0,0
SDSS-II SN 14531,NUV,0,0,0,0,0,0,0,0,0,0
SDSS-II SN 14624,FUV,15,0,8,60,0,82,34,0,0,0
SDSS-II SN 14638,FUV,1,0,0,3,1,5,2,0,0,0
SDSS-II SN 14638,NUV,0,0,0,0,0,6,0,0,0,0
SDSS-II SN 14654,FUV,0,0,0,0,0,0,1,0,0,0
SDSS-II SN 14654,NUV,0,0,0,0,0,0,0,0,0,0
SDSS-II SN 14708,FUV,0,0,0,3,0,0,0,0,0,0
SDSS-II SN 14708,NUV,0,0,0,0,0,0,0,0,0,0
SDSS-II SN 14750,FUV,0,0,0,2,0,4,1,0,0,0
SDSS-II SN 14750,NUV,0,0,0,0,0,4,0,0,0,0
SDSS-II SN 14760,FUV,1,0,0,2,0,2,1,0,0,0
SDSS-II SN 14760,NUV,0,0,0,0,0,2,0,0,0,0
SDSS-II SN 14771,FUV,1,0,0,0,0,0,1,0,0,0
SDSS-II SN 14771,NUV,0,0,0,0,0,0,0,0,0,0
SDSS-II SN 1478,FUV,0,0,0,0,0,0,0,0,0,0
SDSS-II SN 1478,NUV,0,0,0,0,0,0,0,0,0,0
SDSS-II SN 14784,FUV,4,0,2,17,0,56,9,0,0,0
SDSS-II SN 14784,NUV,6,0,2,0,0,165,7,0,0,0
SDSS-II SN 14786,FUV,0,0,0,0,0,0,0,0,0,0
SDSS-II SN 14786,NUV,0,0,0,0,0,0,1,0,0,0
SDSS-II SN 14809,FUV,0,0,0,3,0,1,0,0,0,0
SDSS-II SN 14809,NUV,0,0,0,0,0,3,1,0,0,0
SDSS-II SN 14845,FUV,4,0,0,6,0,2,7,0,0,0
SDSS-II SN 14845,NUV,3,0,0,0,0,2,3,0,0,0
SDSS-II SN 14858,FUV,0,0,0,2,0,1,0,0,0,0
SDSS-II SN 14858,NUV,1,0,0,0,0,4,1,0,0,0
SDSS-II SN 14883,FUV,0,0,0,0,0,0,0,0,0,0
SDSS-II SN 14883,NUV,0,0,0,0,0,0,0,0,0,0
SDSS-II SN 14888,FUV,1,0,0,2,0,4,2,0,0,0
SDSS-II SN 14888,NUV,0,0,0,0,0,4,0,0,0,0
SDSS-II SN 14900,FUV,0,0,0,2,0,5,0,0,0,0
SDSS-II SN 14900,NUV,0,0,0,0,0,5,0,0,0,0
SDSS-II SN 14907,FUV,1,0,1,2,0,2,1,0,0,0
SDSS-II SN 14916,FUV,0,0,0,1,0,1,0,0,0,0
SDSS-II SN 14916,NUV,0,0,0,0,0,1,0,0,0,0
SDSS-II SN 14925,FUV,1,0,0,0,0,0,1,0,0,0
SDSS-II SN 14925,NUV,0,0,0,0,0,0,0,0,0,0
SDSS-II SN 14951,FUV,1,0,0,0,0,0,1,0,0,0
SDSS-II SN 14951,NUV,0,0,0,0,0,0,0,0,0,0
SDSS-II SN 14963,FUV,0,0,0,0,0,1,0,0,0,0
SDSS-II SN 14963,NUV,0,0,0,0,0,1,0,0,0,0
SDSS-II SN 14972,FUV,1,0,2,0,0,1,2,0,0,0
SDSS-II SN 14972,NUV,2,0,2,0,0,3,2,0,0,0
SDSS-II SN 15006,FUV,0,0,0,0,0,0,0,0,0,0
SDSS-II SN 15006,NUV,0,0,0,0,0,0,0,0,0,0
SDSS-II SN 15008,FUV,0,0,0,0,0,0,0,0,0,0
SDSS-II SN 15008,NUV,0,0,0,0,0,0,0,0,0,0
SDSS-II SN 15033,FUV,1,0,0,0,0,0,1,0,0,0
SDSS-II SN 15033,NUV,0,0,0,0,0,0,0,0,0,0
SDSS-II SN 15074,FUV,1,0,0,0,0,0,1,0,0,0
SDSS-II SN 15074,NUV,0,0,0,0,0,0,0,0,0,0
SDSS-II SN 15075,FUV,0,0,0,1,0,3,0,0,0,0
SDSS-II SN 15075,NUV,0,0,1,0,0,3,0,0,0,0
SDSS-II SN 15080,FUV,0,0,0,0,0,0,0,0,0,0
SDSS-II SN 15080,NUV,0,0,0,0,0,0,0,0,0,0
SDSS-II SN 15093,FUV,0,0,0,1,0,0,0,0,0,0
SDSS-II SN 15093,NUV,1,0,0,0,0,0,1,0,0,0
SDSS-II SN 15101,FUV,13,0,3,30,0,52,14,0,0,0
SDSS-II SN 15101,NUV,8,0,7,1,0,124,8,0,0,0
SDSS-II SN 15103,NUV,0,0,0,0,0,0,0,0,0,0
SDSS-II SN 15108,FUV,1,0,0,2,0,0,1,0,0,0
SDSS-II SN 15108,NUV,0,0,0,0,0,0,0,0,0,0
SDSS-II SN 15137,FUV,0,0,0,0,0,0,0,0,0,0
SDSS-II SN 15137,NUV,0,0,0,0,0,0,0,0,0,0
SDSS-II SN 15160,FUV,1,0,0,4,0,3,1,0,0,0
SDSS-II SN 15160,NUV,0,0,0,0,0,3,0,0,0,0
SDSS-II SN 15198,FUV,0,0,0,1,0,0,0,0,0,0
SDSS-II SN 15198,NUV,0,0,0,0,0,0,0,0,0,0
SDSS-II SN 15239,FUV,0,0,0,1,0,0,0,0,0,0
SDSS-II SN 15239,NUV,0,0,0,0,0,0,0,0,0,0
SDSS-II SN 15255,FUV,0,0,0,2,0,0,0,0,0,0
SDSS-II SN 15255,NUV,0,0,0,1,0,0,0,0,0,0
SDSS-II SN 15272,FUV,2,0,0,4,0,5,3,0,0,0
SDSS-II SN 15272,NUV,0,0,0,0,0,7,0,0,0,0
SDSS-II SN 15291,NUV,0,0,0,0,0,0,0,0,0,0
SDSS-II SN 15294,FUV,0,0,0,0,0,2,0,0,0,0
SDSS-II SN 15294,NUV,1,0,0,0,0,9,1,0,0,0
SDSS-II SN 15324,FUV,0,0,0,1,0,0,0,0,0,0
SDSS-II SN 15324,NUV,0,0,0,0,0,0,0,0,0,0
SDSS-II SN 15347,FUV,0,0,0,0,0,0,0,0,0,0
SDSS-II SN 15347,NUV,0,0,0,0,0,0,0,0,0,0
SDSS-II SN 15353,FUV,0,0,0,1,0,0,0,0,0,0
SDSS-II SN 15353,NUV,0,0,0,0,0,1,0,0,0,0
SDSS-II SN 15359,FUV,1,0,0,3,0,4,1,0,0,0
SDSS-II SN 15359,NUV,0,0,0,0,0,4,0,0,0,0
SDSS-II SN 15370,FUV,0,0,0,0,0,0,0,0,0,0
SDSS-II SN 15370,NUV,0,0,0,0,0,0,0,0,0,0
SDSS-II SN 15401,FUV,0,0,0,1,0,0,0,0,0,0
SDSS-II SN 15401,NUV,0,0,0,0,0,0,0,0,0,0
SDSS-II SN 15417,FUV,2,0,0,0,0,1,2,0,0,0
SDSS-II SN 15417,NUV,0,0,0,0,0,2,0,0,0,0
SDSS-II SN 15418,FUV,0,0,0,1,0,3,0,0,0,0
SDSS-II SN 15418,NUV,0,0,0,0,0,3,0,0,0,0
SDSS-II SN 15419,FUV,0,0,0,0,0,0,0,0,0,0
SDSS-II SN 15419,NUV,0,0,0,1,0,0,0,0,0,0
SDSS-II SN 15422,FUV,0,0,0,0,0,0,0,0,0,0
SDSS-II SN 15422,NUV,0,0,0,0,0,0,0,0,0,0
SDSS-II SN 15455,FUV,0,0,1,0,0,0,0,0,0,0
SDSS-II SN 15455,NUV,0,0,1,0,0,0,0,0,0,0
SDSS-II SN 15467,FUV,2,0,0,2,0,2,2,0,0,0
SDSS-II SN 15467,NUV,0,0,0,0,0,2,0,0,0,0
SDSS-II SN 15470,FUV,2,0,0,1,0,1,2,0,0,0
SDSS-II SN 15470,NUV,1,0,0,0,0,2,1,0,0,0
SDSS-II SN 15496,FUV,0,0,0,1,0,0,1,0,0,0
SDSS-II SN 15496,NUV,0,0,0,0,0,0,0,0,0,0
SDSS-II SN 15505,FUV,0,0,0,5,0,4,0,0,0,0
SDSS-II SN 15505,NUV,0,0,2,0,0,4,0,0,0,0
SDSS-II SN 15516,NUV,1,0,0,0,0,1,1,0,0,0
SDSS-II SN 15525,FUV,0,0,0,0,0,0,0,0,0,0
SDSS-II SN 15525,NUV,1,0,0,0,0,0,1,0,0,0
SDSS-II SN 15526,FUV,0,0,0,1,0,0,0,0,0,0
SDSS-II SN 15526,NUV,0,0,0,0,0,0,0,0,0,0
SDSS-II SN 15533,FUV,0,0,0,0,0,0,0,0,0,0
SDSS-II SN 15533,NUV,0,0,0,0,0,0,0,0,0,0
SDSS-II SN 15549,FUV,9,0,3,83,0,133,23,0,0,0
SDSS-II SN 15549,NUV,10,0,12,5,0,323,17,0,0,0
SDSS-II SN 15587,FUV,0,0,0,1,0,0,0,0,0,0
SDSS-II SN 15587,NUV,1,0,0,0,0,0,1,0,0,0
SDSS-II SN 15603,FUV,4,0,0,3,0,7,4,0,0,0
SDSS-II SN 15603,NUV,0,0,0,0,0,7,0,0,0,0
SDSS-II SN 15633,FUV,0,0,0,0,0,0,0,0,0,0
SDSS-II SN 15633,NUV,0,0,0,0,0,0,0,0,0,0
SDSS-II SN 15655,FUV,1,0,0,0,0,0,1,0,0,0
SDSS-II SN 15655,NUV,0,0,0,0,0,0,0,0,0,0
SDSS-II SN 15690,FUV,2,0,0,13,0,6,3,0,0,0
SDSS-II SN 15690,NUV,0,0,0,0,0,8,0,0,0,0
SDSS-II SN 15697,NUV,0,0,0,0,0,0,0,0,0,0
SDSS-II SN 15726,FUV,2,0,0,0,0,0,3,0,0,0
SDSS-II SN 15726,NUV,0,0,0,0,0,0,0,0,0,0
SDSS-II SN 15727,FUV,17,0,11,24,0,2,18,0,0,0
SDSS-II SN 15727,NUV,3,0,4,0,0,4,3,0,0,0
SDSS-II SN 15730,FUV,0,0,0,0,0,0,0,0,0,0
SDSS-II SN 15730,NUV,0,0,0,0,0,0,0,0,0,0
SDSS-II SN 15737,FUV,0,0,0,0,0,0,0,0,0,0
SDSS-II SN 15737,NUV,0,0,0,0,0,0,0,0,0,0
SDSS-II SN 15748,FUV,0,0,0,4,0,0,1,0,0,0
SDSS-II SN 15748,NUV,2,0,0,0,0,0,2,0,0,0
SDSS-II SN 15751,FUV,0,0,0,0,0,0,0,0,0,0
SDSS-II SN 15751,NUV,0,0,0,0,0,0,0,0,0,0
SDSS-II SN 15755,FUV,1,0,0,0,0,0,1,0,0,0
SDSS-II SN 15755,NUV,0,0,0,0,0,0,0,0,0,0
SDSS-II SN 15761,FUV,0,0,0,7,0,6,1,0,0,0
SDSS-II SN 15761,NUV,2,0,0,0,0,6,2,0,0,0
SDSS-II SN 15765,FUV,0,0,0,0,0,0,0,0,0,0
SDSS-II SN 15765,NUV,0,0,0,0,0,0,0,0,0,0
SDSS-II SN 15779,FUV,1,0,0,4,0,6,3,0,0,0
SDSS-II SN 15779,NUV,0,0,0,0,0,6,0,0,0,0
SDSS-II SN 15784,FUV,0,0,0,0,0,0,0,0,0,0
SDSS-II SN 15784,NUV,0,0,0,0,0,0,0,0,0,0
SDSS-II SN 15793,FUV,0,0,0,0,0,0,0,0,0,0
SDSS-II SN 15793,NUV,0,0,0,0,0,0,0,0,0,0
SDSS-II SN 15805,FUV,1,0,0,1,0,0,1,0,0,0
SDSS-II SN 15805,NUV,0,0,0,0,0,0,0,0,0,0
SDSS-II SN 15806,FUV,0,0,0,0,0,0,0,0,0,0
SDSS-II SN 15806,NUV,0,0,0,0,0,0,0,0,0,0
SDSS-II SN 15814,FUV,1,0,0,0,0,2,1,0,0,0
SDSS-II SN 15814,NUV,0,0,0,0,0,2,0,0,0,0
SDSS-II SN 15817,FUV,0,0,0,2,0,1,0,0,0,0
SDSS-II SN 15817,NUV,0,0,0,0,0,3,0,0,0,0
SDSS-II SN 15823,NUV,1,0,0,0,0,5,1,0,0,0
SDSS-II SN 15850,FUV,0,0,0,0,0,0,0,0,0,0
SDSS-II SN 15850,NUV,0,0,0,0,0,0,0,0,0,0
SDSS-II SN 15860,FUV,1,0,0,0,0,2,2,0,0,0
SDSS-II SN 15860,NUV,0,0,0,0,0,2,0,0,0,0
SDSS-II SN 15865,FUV,0,0,0,1,0,0,0,0,0,0
SDSS-II SN 15865,NUV,0,0,0,0,0,0,0,0,0,0
SDSS-II SN 15866,NUV,0,0,0,0,0,0,0,0,0,0
SDSS-II SN 15903,FUV,0,0,0,0,0,0,0,0,0,0
SDSS-II SN 15903,NUV,0,0,0,0,0,0,1,0,0,0
SDSS-II SN 15916,FUV,3,0,13,0,0,0,4,0,0,0
SDSS-II SN 15916,NUV,0,0,2,1,0,0,0,0,0,0
SDSS-II SN 15929,FUV,0,0,0,1,0,0,0,0,0,0
SDSS-II SN 15929,NUV,0,0,0,0,0,0,0,0,0,0
SDSS-II SN 15935,FUV,0,0,0,0,0,1,0,0,0,0
SDSS-II SN 15935,NUV,0,0,0,0,0,1,0,0,0,0
SDSS-II SN 15941,FUV,1,0,0,0,0,0,1,0,0,0
SDSS-II SN 15944,FUV,1,0,0,2,0,0,2,0,0,0
SDSS-II SN 15944,NUV,0,0,0,0,0,0,0,0,0,0
SDSS-II SN 15945,FUV,0,0,0,0,0,0,0,0,0,0
SDSS-II SN 15945,NUV,0,0,0,0,0,0,0,0,0,0
SDSS-II SN 15946,FUV,0,0,0,1,0,0,0,0,0,0
SDSS-II SN 15946,NUV,0,0,0,0,0,0,0,0,0,0
SDSS-II SN 15961,FUV,1,0,0,2,0,3,1,0,0,0
SDSS-II SN 15961,NUV,1,0,0,0,0,3,1,0,0,0
SDSS-II SN 15967,FUV,0,0,0,0,0,0,0,0,0,0
SDSS-II SN 15967,NUV,0,0,0,0,0,0,0,0,0,0
SDSS-II SN 15988,FUV,0,0,1,3,0,5,0,0,0,0
SDSS-II SN 15988,NUV,0,0,1,0,0,5,0,0,0,0
SDSS-II SN 15992,FUV,0,0,0,1,0,3,0,0,0,0
SDSS-II SN 15992,NUV,0,0,0,0,0,3,0,0,0,0
SDSS-II SN 15994,FUV,0,0,0,3,0,1,0,0,0,0
SDSS-II SN 15994,NUV,0,0,0,0,0,1,0,0,0,0
SDSS-II SN 16039,FUV,0,0,0,0,0,0,0,0,0,0
SDSS-II SN 16039,NUV,0,0,0,0,0,0,0,0,0,0
SDSS-II SN 16111,FUV,0,0,0,3,0,8,0,0,0,0
SDSS-II SN 16111,NUV,0,0,0,0,0,8,0,0,0,0
SDSS-II SN 16121,FUV,0,0,0,3,0,4,1,0,0,0
SDSS-II SN 16121,NUV,2,0,1,0,0,6,2,0,0,0
SDSS-II SN 16129,FUV,0,0,0,0,0,0,0,0,0,0
SDSS-II SN 16129,NUV,1,0,0,0,0,0,1,0,0,0
SDSS-II SN 16130,FUV,0,0,0,0,0,0,1,0,0,0
SDSS-II SN 16130,NUV,0,0,0,0,0,0,0,0,0,0
SDSS-II SN 16136,FUV,1,0,0,1,0,0,1,0,0,0
SDSS-II SN 16136,NUV,0,0,0,0,0,0,0,0,0,0
SDSS-II SN 16148,FUV,1,0,0,4,0,0,1,0,0,0
SDSS-II SN 16148,NUV,0,0,0,0,0,0,0,0,0,0
SDSS-II SN 16153,FUV,1,0,0,0,0,0,2,0,0,0
SDSS-II SN 16153,NUV,0,0,0,0,0,0,0,0,0,0
SDSS-II SN 16163,FUV,1,0,0,3,0,5,1,0,0,0
SDSS-II SN 16163,NUV,0,0,0,0,0,6,0,0,0,0
SDSS-II SN 16172,FUV,0,0,0,2,0,0,1,0,0,0
SDSS-II SN 16172,NUV,0,0,0,0,0,0,1,0,0,0
SDSS-II SN 16199,FUV,2,0,0,4,0,5,3,0,0,0
SDSS-II SN 16199,NUV,2,0,0,1,0,33,2,0,0,0
SDSS-II SN 16220,FUV,1,0,0,0,0,1,1,0,0,0
SDSS-II SN 16220,NUV,0,0,0,0,0,1,0,0,0,0
SDSS-II SN 16237,FUV,2,0,0,0,0,0,2,0,0,0
SDSS-II SN 16237,NUV,2,0,0,0,0,0,2,0,0,0
SDSS-II SN 16238,FUV,0,0,0,0,0,0,0,0,0,0
SDSS-II SN 16238,NUV,0,0,0,0,0,0,0,0,0,0
SDSS-II SN 16301,FUV,0,0,0,0,0,0,0,0,0,0
SDSS-II SN 16301,NUV,0,0,0,0,0,0,0,0,0,0
SDSS-II SN 16302,FUV,0,0,0,4,0,7,0,0,0,0
SDSS-II SN 16302,NUV,0,0,0,0,0,11,0,0,0,0
SDSS-II SN 16405,FUV,0,0,0,0,0,0,0,0,0,0
SDSS-II SN 16405,NUV,0,0,0,0,0,0,0,0,0,0
SDSS-II SN 16433,FUV,1,0,0,0,0,0,1,0,0,0
SDSS-II SN 16433,NUV,1,0,0,0,0,0,1,0,0,0
SDSS-II SN 16434,FUV,0,0,0,3,0,1,0,0,0,0
SDSS-II SN 16434,NUV,0,0,0,0,0,1,0,0,0,0
SDSS-II SN 16451,FUV,0,0,0,1,0,0,0,0,0,0
SDSS-II SN 16451,NUV,0,0,0,0,0,0,0,0,0,0
SDSS-II SN 16455,FUV,0,0,0,0,0,0,0,0,0,0
SDSS-II SN 16455,NUV,0,0,0,0,0,0,0,0,0,0
SDSS-II SN 16460,FUV,1,0,0,0,0,0,2,0,0,0
SDSS-II SN 16460,NUV,0,0,0,0,0,0,0,0,0,0
SDSS-II SN 16462,FUV,0,0,0,0,0,0,0,0,0,0
SDSS-II SN 16462,NUV,1,0,0,0,0,0,1,0,0,0
SDSS-II SN 16467,FUV,0,0,0,3,0,2,1,0,0,0
SDSS-II SN 16467,NUV,0,0,0,0,0,2,0,0,0,0
SDSS-II SN 16468,FUV,0,0,0,1,0,1,0,0,0,0
SDSS-II SN 16468,NUV,0,0,0,0,0,1,0,0,0,0
SDSS-II SN 16472,FUV,0,0,0,0,0,0,0,0,0,0
SDSS-II SN 16472,NUV,0,0,0,0,0,0,0,0,0,0
SDSS-II SN 16477,FUV,0,0,0,4,0,7,0,0,0,0
SDSS-II SN 16477,NUV,0,0,0,0,0,7,0,0,0,0
SDSS-II SN 1650,FUV,3,0,3,1,0,8,3,0,0,0
SDSS-II SN 1650,NUV,0,0,0,0,0,9,0,0,0,0
SDSS-II SN 16547,FUV,1,0,0,7,0,7,1,0,0,0
SDSS-II SN 16547,NUV,0,0,0,0,0,7,0,0,0,0
SDSS-II SN 16551,FUV,0,0,0,1,0,2,1,0,0,0
SDSS-II SN 16551,NUV,1,0,0,0,0,3,1,0,0,0
SDSS-II SN 16582,FUV,0,0,0,0,0,0,0,0,0,0
SDSS-II SN 16582,NUV,0,0,0,0,0,0,0,0,0,0
SDSS-II SN 16586,FUV,1,0,0,1,0,0,1,0,0,0
SDSS-II SN 16586,NUV,0,0,0,0,0,0,0,0,0,0
SDSS-II SN 16626,FUV,1,0,0,6,0,8,2,0,0,0
SDSS-II SN 16626,NUV,0,0,0,0,0,9,0,0,0,0
SDSS-II SN 16652,FUV,1,0,0,1,0,2,1,0,0,0
SDSS-II SN 16652,NUV,0,0,0,0,0,2,0,0,0,0
SDSS-II SN 16721,NUV,0,0,1,0,0,0,0,0,0,0
SDSS-II SN 16831,NUV,0,0,0,0,0,0,0,0,0,0
SDSS-II SN 1686,FUV,1,0,0,1,0,4,2,0,0,0
SDSS-II SN 1686,NUV,0,0,0,0,0,4,0,0,0,0
SDSS-II SN 16878,FUV,0,0,1,0,0,0,0,0,0,0
SDSS-II SN 16878,NUV,0,0,1,0,0,0,0,0,0,0
SDSS-II SN 16879,FUV,2,0,0,1,0,0,2,0,0,0
SDSS-II SN 16879,NUV,0,0,0,0,0,0,0,0,0,0
SDSS-II SN 16937,FUV,0,0,0,0,0,0,1,0,0,0
SDSS-II SN 16937,NUV,0,0,0,0,0,0,0,0,0,0
SDSS-II SN 16946,FUV,0,0,1,4,0,3,0,0,0,0
SDSS-II SN 16946,NUV,0,0,2,0,0,5,0,0,0,0
SDSS-II SN 16975,FUV,0,0,0,0,0,1,1,0,0,0
SDSS-II SN 16975,NUV,0,0,0,0,0,3,0,0,0,0
SDSS-II SN 16976,FUV,2,0,0,1,0,8,2,0,0,0
SDSS-II SN 16976,NUV,0,0,0,0,0,8,0,0,0,0
SDSS-II SN 17068,FUV,0,0,0,0,0,0,0,0,0,0
SDSS-II SN 17068,NUV,1,0,0,0,0,4,1,0,0,0
SDSS-II SN 17169,FUV,0,0,0,0,0,0,1,0,0,0
SDSS-II SN 17169,NUV,0,0,0,0,0,0,0,0,0,0
SDSS-II SN 17191,FUV,0,0,0,1,0,0,0,0,0,0
SDSS-II SN 17191,NUV,0,0,0,0,0,0,0,0,0,0
SDSS-II SN 17205,FUV,3,0,0,6,0,3,3,0,0,0
SDSS-II SN 17205,NUV,0,0,0,0,0,3,0,0,0,0
SDSS-II SN 17206,FUV,1,0,2,4,0,7,2,0,0,0
SDSS-II SN 17206,NUV,0,0,2,0,0,8,1,0,0,0
SDSS-II SN 17219,FUV,2,0,0,3,0,5,2,0,0,0
SDSS-II SN 17219,NUV,0,0,1,0,0,5,0,0,0,0
SDSS-II SN 17337,FUV,0,0,0,0,0,0,1,0,0,0
SDSS-II SN 17337,NUV,0,0,0,0,0,0,0,0,0,0
SDSS-II SN 17372,FUV,1,0,1,1,0,7,2,0,0,0
SDSS-II SN 17372,NUV,2,0,2,0,0,7,2,0,0,0
SDSS-II SN 17395,FUV,0,0,0,0,0,0,0,0,0,0
SDSS-II SN 17395,NUV,0,0,0,0,0,0,0,0,0,0
SDSS-II SN 1740,FUV,2,0,0,3,0,4,3,0,0,0
SDSS-II SN 1740,NUV,0,0,0,0,0,4,0,0,0,0
SDSS-II SN 17421,FUV,1,0,0,1,0,1,1,0,0,0
SDSS-II SN 17421,NUV,0,0,1,0,0,2,0,0,0,0
SDSS-II SN 17423,FUV,0,0,0,2,0,0,0,0,0,0
SDSS-II SN 17423,NUV,0,0,0,0,0,0,0,0,0,0
SDSS-II SN 17433,FUV,1,0,0,4,0,7,2,0,0,0
SDSS-II SN 17433,NUV,2,0,1,0,0,7,3,0,0,0
SDSS-II SN 17473,FUV,0,0,0,0,0,0,0,0,0,0
SDSS-II SN 17473,NUV,0,0,0,0,0,0,0,0,0,0
SDSS-II SN 1750,FUV,2,0,1,5,0,4,2,0,0,0
SDSS-II SN 1750,NUV,0,0,1,0,0,4,0,0,0,0
SDSS-II SN 17508,FUV,1,0,0,0,0,0,1,0,0,0
SDSS-II SN 17508,NUV,0,0,0,0,0,1,0,0,0,0
SDSS-II SN 17527,FUV,0,0,0,0,0,0,0,0,0,0
SDSS-II SN 17527,NUV,0,0,0,0,0,0,0,0,0,0
SDSS-II SN 17577,FUV,1,0,0,3,0,0,1,0,0,0
SDSS-II SN 17577,NUV,1,0,0,0,0,0,2,0,0,0
SDSS-II SN 17647,FUV,1,0,0,1,0,3,2,0,0,0
SDSS-II SN 17647,NUV,0,0,0,0,0,3,0,0,0,0
SDSS-II SN 17692,FUV,0,0,0,4,0,5,0,0,0,0
SDSS-II SN 17692,NUV,1,0,0,0,0,5,1,0,0,0
SDSS-II SN 17737,FUV,0,0,0,0,0,0,0,0,0,0
SDSS-II SN 17737,NUV,0,0,0,0,0,0,0,0,0,0
SDSS-II SN 17748,FUV,1,0,2,5,0,7,1,0,0,0
SDSS-II SN 17748,NUV,1,0,2,1,0,7,1,0,0,0
SDSS-II SN 17773,FUV,0,0,0,0,0,0,0,0,0,0
SDSS-II SN 17773,NUV,0,0,0,0,0,0,0,0,0,0
SDSS-II SN 17829,FUV,1,0,0,1,0,0,2,0,0,0
SDSS-II SN 17829,NUV,0,0,0,0,0,1,0,0,0,0
SDSS-II SN 1783,NUV,0,0,0,0,0,8,0,0,0,0
SDSS-II SN 17835,FUV,0,0,1,3,0,1,0,0,0,0
SDSS-II SN 17835,NUV,0,0,3,0,0,4,0,0,0,0
SDSS-II SN 17851,FUV,0,0,0,0,0,1,0,0,0,0
SDSS-II SN 17851,NUV,0,0,0,0,0,1,0,0,0,0
SDSS-II SN 17899,NUV,3,0,2,0,0,106,5,0,0,0
SDSS-II SN 17906,FUV,0,0,0,0,0,0,0,0,0,0
SDSS-II SN 17906,NUV,0,0,0,0,0,0,0,0,0,0
SDSS-II SN 17915,FUV,0,0,0,1,0,3,0,0,0,0
SDSS-II SN 17915,NUV,0,0,0,0,0,4,0,0,0,0
SDSS-II SN 17925,FUV,0,0,0,0,0,0,0,0,0,0
SDSS-II SN 17925,NUV,0,0,0,0,0,0,0,0,0,0
SDSS-II SN 17928,FUV,1,0,0,7,0,9,1,0,0,0
SDSS-II SN 17928,NUV,0,0,0,0,0,9,0,0,0,0
SDSS-II SN 17945,FUV,0,0,0,2,0,0,0,0,0,0
SDSS-II SN 17945,NUV,0,0,0,0,0,0,0,0,0,0
SDSS-II SN 17949,FUV,0,0,0,0,0,0,0,0,0,0
SDSS-II SN 17949,NUV,0,0,0,0,0,6,0,0,0,0
SDSS-II SN 17955,FUV,0,0,0,2,0,3,1,0,0,0
SDSS-II SN 17955,NUV,0,0,0,0,0,3,0,0,0,0
SDSS-II SN 17957,FUV,0,0,0,1,0,1,1,0,0,0
SDSS-II SN 17957,NUV,0,0,0,0,0,1,0,0,0,0
SDSS-II SN 17958,FUV,0,0,0,0,0,0,0,0,0,0
SDSS-II SN 17958,NUV,0,0,0,0,0,0,0,0,0,0
SDSS-II SN 17965,FUV,1,0,0,2,0,4,1,0,0,0
SDSS-II SN 17965,NUV,1,0,1,0,0,6,1,0,0,0
SDSS-II SN 17967,FUV,0,0,0,6,0,10,3,0,0,0
SDSS-II SN 17967,NUV,0,0,0,0,0,11,0,0,0,0
SDSS-II SN 18011,FUV,0,0,0,0,0,0,0,0,0,0
SDSS-II SN 18034,FUV,0,0,0,0,0,0,0,0,0,0
SDSS-II SN 18034,NUV,0,0,0,0,0,0,0,0,0,0
SDSS-II SN 18041,FUV,0,0,0,2,0,1,0,0,0,0
SDSS-II SN 18041,NUV,0,0,0,0,0,1,0,0,0,0
SDSS-II SN 18047,FUV,1,0,0,0,0,0,2,0,0,0
SDSS-II SN 18047,NUV,0,0,0,0,0,0,0,0,0,0
SDSS-II SN 18049,FUV,1,0,0,0,0,0,1,0,0,0
SDSS-II SN 18049,NUV,1,0,0,0,0,0,1,0,0,0
SDSS-II SN 18067,FUV,0,0,0,2,0,2,0,0,0,0
SDSS-II SN 18067,NUV,0,0,0,0,0,2,0,0,0,0
SDSS-II SN 18071,FUV,1,0,0,0,0,0,1,0,0,0
SDSS-II SN 18071,NUV,0,0,0,0,0,0,0,0,0,0
SDSS-II SN 18100,NUV,0,0,0,0,0,0,0,0,0,0
SDSS-II SN 18130,FUV,0,0,0,0,0,0,0,0,0,0
SDSS-II SN 18130,NUV,0,0,0,0,0,0,0,0,0,0
SDSS-II SN 18146,FUV,0,0,0,1,0,0,0,0,0,0
SDSS-II SN 18146,NUV,0,0,0,0,0,0,0,0,0,0
SDSS-II SN 18175,FUV,0,0,0,0,0,0,0,0,0,0
SDSS-II SN 18175,NUV,0,0,0,0,0,0,0,0,0,0
SDSS-II SN 18188,FUV,3,0,1,15,0,5,4,0,0,0
SDSS-II SN 18188,NUV,2,0,3,0,0,7,2,0,0,0
SDSS-II SN 18221,FUV,1,0,0,6,0,11,2,0,0,0
SDSS-II SN 18221,NUV,0,0,0,0,0,12,0,0,0,0
SDSS-II SN 18224,FUV,0,0,0,1,0,0,0,0,0,0
SDSS-II SN 18224,NUV,0,0,0,0,0,0,0,0,0,0
SDSS-II SN 1823,FUV,2,0,0,1,0,0,2,0,0,0
SDSS-II SN 1823,NUV,0,0,0,1,0,0,0,0,0,0
SDSS-II SN 18253,FUV,0,0,0,2,0,0,1,0,0,0
SDSS-II SN 18253,NUV,0,0,0,0,0,0,0,0,0,0
SDSS-II SN 18254,FUV,0,0,0,2,0,0,0,0,0,0
SDSS-II SN 18254,NUV,0,0,0,0,0,0,1,0,0,0
SDSS-II SN 18324,FUV,0,0,0,3,0,4,1,0,0,0
SDSS-II SN 18324,NUV,0,0,0,0,0,4,1,0,0,0
SDSS-II SN 18339,FUV,1,0,0,1,0,3,1,0,0,0
SDSS-II SN 18339,NUV,0,0,0,0,0,3,0,0,0,0
SDSS-II SN 1835,FUV,0,0,0,5,0,9,1,0,0,0
SDSS-II SN 1835,NUV,0,0,1,0,0,20,0,0,0,0
SDSS-II SN 18362,FUV,0,0,0,0,0,0,1,0,0,0
SDSS-II SN 18362,NUV,1,0,0,0,0,0,1,0,0,0
SDSS-II SN 18374,FUV,1,0,0,9,0,8,1,0,0,0
SDSS-II SN 18374,NUV,0,0,1,0,0,9,0,0,0,0
SDSS-II SN 18430,FUV,0,0,0,0,0,0,0,0,0,0
SDSS-II SN 18430,NUV,0,0,0,0,0,0,0,0,0,0
SDSS-II SN 18450,FUV,0,0,0,0,0,0,0,0,0,0
SDSS-II SN 18450,NUV,0,0,0,0,0,0,0,0,0,0
SDSS-II SN 18454,FUV,0,0,0,4,0,0,0,0,0,0
SDSS-II SN 18454,NUV,1,0,0,0,0,0,2,0,0,0
SDSS-II SN 18459,FUV,0,0,0,2,0,4,1,0,0,0
SDSS-II SN 18459,NUV,0,0,0,0,0,4,0,0,0,0
SDSS-II SN 18468,FUV,0,0,2,0,0,1,1,0,0,0
SDSS-II SN 18468,NUV,0,0,2,0,0,1,0,0,0,0
SDSS-II SN 18473,FUV,1,0,0,0,0,0,1,0,0,0
SDSS-II SN 18473,NUV,0,0,0,0,0,0,0,0,0,0
SDSS-II SN 18475,FUV,1,0,0,2,0,1,1,0,0,0
SDSS-II SN 18475,NUV,0,0,0,0,0,1,0,0,0,0
SDSS-II SN 18589,NUV,0,0,0,0,0,1,0,0,0,0
SDSS-II SN 18630,FUV,1,0,0,0,0,0,1,0,0,0
SDSS-II SN 18630,NUV,0,0,0,0,0,0,0,0,0,0
SDSS-II SN 18666,FUV,0,0,0,2,0,0,0,0,0,0
SDSS-II SN 18666,NUV,0,0,0,0,0,0,0,0,0,0
SDSS-II SN 18704,FUV,1,0,0,0,0,0,1,0,0,0
SDSS-II SN 18704,NUV,1,0,0,0,0,0,1,0,0,0
SDSS-II SN 18722,FUV,0,0,0,1,0,0,0,0,0,0
SDSS-II SN 18722,NUV,0,0,0,0,0,0,0,0,0,0
SDSS-II SN 18767,FUV,0,0,0,4,0,6,2,0,0,0
SDSS-II SN 18767,NUV,0,0,2,0,0,7,0,0,0,0
SDSS-II SN 18797,FUV,0,0,0,0,0,1,0,0,0,0
SDSS-II SN 18797,NUV,0,0,0,0,0,1,0,0,0,0
SDSS-II SN 18802,FUV,1,0,0,3,0,0,1,0,0,0
SDSS-II SN 18802,NUV,0,0,0,0,0,0,0,0,0,0
SDSS-II SN 18917,FUV,0,0,0,0,0,0,1,0,0,0
SDSS-II SN 18917,NUV,0,0,0,0,0,0,0,0,0,0
SDSS-II SN 18920,FUV,0,0,0,0,0,0,0,0,0,0
SDSS-II SN 18920,NUV,0,0,0,0,0,0,0,0,0,0
SDSS-II SN 18947,FUV,0,0,0,3,0,2,0,0,0,0
SDSS-II SN 18947,NUV,0,0,0,0,0,2,0,0,0,0
SDSS-II SN 18948,FUV,0,0,0,0,0,0,0,0,0,0
SDSS-II SN 18948,NUV,0,0,0,0,0,0,0,0,0,0
SDSS-II SN 18952,FUV,0,0,0,2,0,4,0,0,0,0
SDSS-II SN 18952,NUV,0,0,0,0,0,6,0,0,0,0
SDSS-II SN 18971,FUV,0,0,0,0,0,0,0,0,0,0
SDSS-II SN 18971,NUV,0,0,0,0,0,0,0,0,0,0
SDSS-II SN 18993,FUV,0,0,0,1,0,0,0,0,0,0
SDSS-II SN 18993,NUV,0,0,0,0,0,0,0,0,0,0
SDSS-II SN 19052,FUV,11,0,13,17,0,0,16,0,0,0
SDSS-II SN 19052,NUV,4,0,2,0,0,0,4,0,0,0
SDSS-II SN 19059,FUV,1,0,0,1,0,3,3,0,0,0
SDSS-II SN 19059,NUV,1,0,0,1,0,3,1,0,0,0
SDSS-II SN 19065,FUV,0,0,0,3,0,0,1,0,0,0
SDSS-II SN 19065,NUV,0,0,0,0,0,0,0,0,0,0
SDSS-II SN 19068,FUV,1,0,0,0,0,3,1,0,0,0
SDSS-II SN 19068,NUV,0,0,0,0,0,3,0,0,0,0
SDSS-II SN 19069,FUV,2,0,0,0,0,0,2,0,0,0
SDSS-II SN 19069,NUV,0,0,0,0,0,0,0,0,0,0
SDSS-II SN 19104,FUV,0,0,0,2,0,1,1,0,0,0
SDSS-II SN 19104,NUV,0,0,0,0,0,2,0,0,0,0
SDSS-II SN 19132,FUV,0,0,0,0,0,0,0,0,0,0
SDSS-II SN 19132,NUV,0,0,0,0,0,0,0,0,0,0
SDSS-II SN 19140,FUV,1,0,0,0,0,0,1,0,0,0
SDSS-II SN 19140,NUV,0,0,0,0,0,0,0,0,0,0
SDSS-II SN 19144,FUV,0,0,0,0,0,0,0,0,0,0
SDSS-II SN 19144,NUV,0,0,0,0,0,0,0,0,0,0
SDSS-II SN 19188,NUV,0,0,0,0,0,12,0,0,0,0
SDSS-II SN 19209,FUV,0,0,0,2,0,1,0,0,0,0
SDSS-II SN 19209,NUV,0,0,0,0,0,1,0,0,0,0
SDSS-II SN 19246,FUV,3,0,0,1,0,3,3,0,0,0
SDSS-II SN 19246,NUV,0,0,0,0,0,3,0,0,0,0
SDSS-II SN 19335,FUV,0,0,0,0,0,0,0,0,0,0
SDSS-II SN 19335,NUV,0,0,0,0,0,0,0,0,0,0
SDSS-II SN 19336,FUV,0,0,0,2,0,0,1,0,0,0
SDSS-II SN 19336,NUV,0,0,0,0,0,0,0,0,0,0
SDSS-II SN 19338,FUV,0,0,0,0,0,0,0,0,0,0
SDSS-II SN 19338,NUV,0,0,0,0,0,0,0,0,0,0
SDSS-II SN 19344,FUV,0,0,0,0,0,0,0,0,0,0
SDSS-II SN 19344,NUV,0,0,0,0,0,0,0,0,0,0
SDSS-II SN 19346,NUV,0,0,0,0,0,1,0,0,0,0
SDSS-II SN 19359,FUV,2,0,0,1,0,3,2,0,0,0
SDSS-II SN 19359,NUV,1,0,0,0,0,3,1,0,0,0
SDSS-II SN 19377,FUV,0,0,0,0,0,0,0,0,0,0
SDSS-II SN 19377,NUV,0,0,0,0,0,0,0,0,0,0
SDSS-II SN 19399,FUV,0,0,0,0,0,0,0,0,0,0
SDSS-II SN 19399,NUV,0,0,0,0,0,0,0,0,0,0
SDSS-II SN 19467,NUV,0,0,0,0,0,0,0,0,0,0
SDSS-II SN 19484,FUV,0,0,0,0,0,0,0,0,0,0
SDSS-II SN 19484,NUV,0,0,0,0,0,0,0,0,0,0
SDSS-II SN 19490,FUV,0,0,1,16,0,24,0,0,0,0
SDSS-II SN 19490,NUV,4,0,1,1,0,63,4,0,0,0
SDSS-II SN 19517,FUV,0,0,0,1,0,0,0,0,0,0
SDSS-II SN 19517,NUV,1,0,0,0,0,0,1,0,0,0
SDSS-II SN 19518,NUV,0,0,0,0,0,0,0,0,0,0
SDSS-II SN 19525,FUV,0,0,0,2,0,0,0,0,0,0
SDSS-II SN 19525,NUV,1,0,0,0,0,0,1,0,0,0
SDSS-II SN 19545,FUV,0,0,0,0,0,0,1,0,0,0
SDSS-II SN 19545,NUV,0,0,0,0,0,0,0,0,0,0
SDSS-II SN 19552,FUV,0,0,0,3,0,1,0,0,0,0
SDSS-II SN 19552,NUV,0,0,0,0,0,1,0,0,0,0
SDSS-II SN 1958,FUV,1,0,0,0,0,0,1,0,0,0
SDSS-II SN 1958,NUV,0,0,0,0,0,1,0,0,0,0
SDSS-II SN 19582,FUV,0,0,0,1,0,0,1,0,0,0
SDSS-II SN 19582,NUV,0,0,0,0,0,0,0,0,0,0
SDSS-II SN 19599,FUV,1,0,0,0,0,0,1,0,0,0
SDSS-II SN 19599,NUV,0,0,0,0,0,0,0,0,0,0
SDSS-II SN 19619,FUV,0,0,0,0,0,0,0,0,0,0
SDSS-II SN 19619,NUV,0,0,0,0,0,0,0,0,0,0
SDSS-II SN 19668,FUV,0,0,0,0,0,0,0,0,0,0
SDSS-II SN 19668,NUV,0,0,0,1,0,0,0,0,0,0
SDSS-II SN 19689,FUV,0,0,0,0,0,0,0,0,0,0
SDSS-II SN 19689,NUV,0,0,0,0,0,0,0,0,0,0
SDSS-II SN 19690,FUV,0,0,0,0,0,1,0,0,0,0
SDSS-II SN 19723,NUV,0,0,0,0,0,1,0,0,0,0
SDSS-II SN 19758,FUV,0,0,0,1,0,1,1,0,0,0
SDSS-II SN 19758,NUV,0,0,0,0,0,1,0,0,0,0
SDSS-II SN 19769,FUV,1,0,0,0,0,0,1,0,0,0
SDSS-II SN 19769,NUV,0,0,0,0,0,0,0,0,0,0
SDSS-II SN 19776,FUV,0,0,0,0,0,0,0,0,0,0
SDSS-II SN 19776,NUV,0,0,0,0,0,0,0,0,0,0
SDSS-II SN 19778,FUV,1,0,0,2,0,0,1,0,0,0
SDSS-II SN 19778,NUV,1,0,0,0,0,1,1,0,0,0
SDSS-II SN 1978,FUV,7,0,1,19,0,4,11,0,0,0
SDSS-II SN 1978,NUV,6,0,2,0,0,10,8,0,0,0
SDSS-II SN 1979,FUV,12,0,1,2,0,0,16,0,0,0
SDSS-II SN 1979,NUV,1,0,2,4,0,4,1,0,0,0
SDSS-II SN 19821,FUV,0,0,0,0,0,0,0,0,0,0
SDSS-II SN 19821,NUV,1,0,0,0,0,0,1,0,0,0
SDSS-II SN 19986,NUV,0,0,0,0,0,2,2,0,0,0
SDSS-II SN 19987,FUV,0,0,0,0,0,0,0,0,0,0
SDSS-II SN 19987,NUV,0,0,0,0,0,0,0,0,0,0
SDSS-II SN 20033,FUV,1,0,0,0,0,0,1,0,0,0
SDSS-II SN 20033,NUV,0,0,0,0,0,0,0,0,0,0
SDSS-II SN 20043,FUV,2,0,0,0,0,0,2,0,0,0
SDSS-II SN 20043,NUV,13,0,0,0,0,0,14,0,0,0
SDSS-II SN 20046,FUV,2,0,0,3,0,4,3,0,0,0
SDSS-II SN 20046,NUV,1,0,0,0,0,6,1,0,0,0
SDSS-II SN 20047,FUV,2,0,0,1,0,2,2,0,0,0
SDSS-II SN 20047,NUV,0,0,0,0,0,2,0,0,0,0
SDSS-II SN 20141,FUV,1,0,0,1,0,0,1,0,0,0
SDSS-II SN 20141,NUV,0,0,0,0,0,0,0,0,0,0
SDSS-II SN 20152,FUV,0,0,0,0,0,0,0,0,0,0
SDSS-II SN 20152,NUV,0,0,0,0,0,0,0,0,0,0
SDSS-II SN 20171,FUV,0,0,0,3,0,7,0,0,0,0
SDSS-II SN 20171,NUV,0,0,0,0,0,7,0,0,0,0
SDSS-II SN 20232,FUV,0,0,0,0,0,2,0,0,0,0
SDSS-II SN 20232,NUV,0,0,0,0,0,2,0,0,0,0
SDSS-II SN 20257,FUV,9,0,5,35,0,92,14,0,0,0
SDSS-II SN 20257,NUV,13,0,11,6,0,242,16,0,0,0
SDSS-II SN 20262,FUV,1,0,2,4,0,4,1,0,0,0
SDSS-II SN 20262,NUV,0,0,2,0,0,4,0,0,0,0
SDSS-II SN 20267,FUV,3,0,0,2,0,12,3,0,0,0
SDSS-II SN 20267,NUV,0,0,0,0,0,12,0,0,0,0
SDSS-II SN 20276,FUV,0,0,0,0,0,0,0,0,0,0
SDSS-II SN 20276,NUV,0,0,0,0,0,0,0,0,0,0
SDSS-II SN 20278,FUV,0,0,1,2,0,0,2,0,0,0
SDSS-II SN 20278,NUV,0,0,3,0,0,0,0,0,0,0
SDSS-II SN 20316,FUV,0,0,0,2,0,0,0,0,0,0
SDSS-II SN 20316,NUV,0,0,0,0,0,0,0,0,0,0
SDSS-II SN 20323,FUV,0,0,0,0,0,0,0,0,0,0
SDSS-II SN 20323,NUV,0,0,0,0,0,0,0,0,0,0
SDSS-II SN 20400,FUV,0,0,0,0,0,0,0,0,0,0
SDSS-II SN 20400,NUV,0,0,0,0,0,0,0,0,0,0
SDSS-II SN 20405,FUV,0,0,0,0,0,0,0,0,0,0
SDSS-II SN 20405,NUV,0,0,0,0,0,0,0,0,0,0
SDSS-II SN 20408,FUV,0,0,0,2,0,4,0,0,0,0
SDSS-II SN 20408,NUV,0,0,1,0,0,12,1,0,0,0
SDSS-II SN 20431,FUV,0,0,0,1,0,0,0,0,0,0
SDSS-II SN 20431,NUV,3,0,0,0,0,0,4,0,0,0
SDSS-II SN 20435,FUV,9,0,6,88,0,101,17,0,0,0
SDSS-II SN 20435,NUV,14,0,17,6,0,224,16,0,0,0
SDSS-II SN 20447,FUV,0,0,0,0,0,0,0,0,0,0
SDSS-II SN 20447,NUV,0,0,0,0,0,0,0,0,0,0
SDSS-II SN 20467,FUV,0,0,0,0,0,0,0,0,0,0
SDSS-II SN 20467,NUV,0,0,0,0,0,0,0,0,0,0
SDSS-II SN 20491,FUV,0,0,0,2,0,2,0,0,0,0
SDSS-II SN 20491,NUV,0,0,0,0,0,6,0,0,0,0
SDSS-II SN 20514,FUV,1,0,0,0,0,0,2,0,0,0
SDSS-II SN 20514,NUV,0,0,0,0,0,0,0,0,0,0
SDSS-II SN 20541,FUV,0,0,0,0,0,0,0,0,0,0
SDSS-II SN 20541,NUV,0,0,0,0,0,0,0,0,0,0
SDSS-II SN 20545,FUV,1,0,0,3,0,2,1,0,0,0
SDSS-II SN 20545,NUV,0,0,0,0,0,3,0,0,0,0
SDSS-II SN 20553,FUV,0,0,0,0,0,0,0,0,0,0
SDSS-II SN 20553,NUV,2,0,0,0,0,0,2,0,0,0
SDSS-II SN 20578,FUV,2,0,0,4,0,11,2,0,0,0
SDSS-II SN 20578,NUV,3,0,0,0,0,11,3,0,0,0
SDSS-II SN 20588,FUV,0,0,0,0,0,1,1,0,0,0
SDSS-II SN 20588,NUV,0,0,0,0,0,1,0,0,0,0
SDSS-II SN 20590,FUV,0,0,0,0,0,1,0,0,0,0
SDSS-II SN 20590,NUV,0,0,0,0,0,1,0,0,0,0
SDSS-II SN 20591,FUV,0,0,0,2,0,1,0,0,0,0
SDSS-II SN 20591,NUV,0,0,0,0,0,1,0,0,0,0
SDSS-II SN 20596,FUV,1,0,0,1,0,0,1,0,0,0
SDSS-II SN 20596,NUV,0,0,0,0,0,0,0,0,0,0
SDSS-II SN 20613,FUV,2,0,0,3,0,7,2,0,0,0
SDSS-II SN 20613,NUV,1,0,0,0,0,7,1,0,0,0
SDSS-II SN 20678,FUV,0,0,0,0,0,1,0,0,0,0
SDSS-II SN 20678,NUV,0,0,0,0,0,1,0,0,0,0
SDSS-II SN 20685,FUV,1,0,0,3,0,7,1,0,0,0
SDSS-II SN 20685,NUV,0,0,0,0,0,7,0,0,0,0
SDSS-II SN 20709,FUV,0,0,0,0,0,2,0,0,0,0
SDSS-II SN 20709,NUV,0,0,0,0,0,2,0,0,0,0
SDSS-II SN 20719,FUV,0,0,0,4,0,5,0,0,0,0
SDSS-II SN 20719,NUV,1,0,0,0,0,5,1,0,0,0
SDSS-II SN 20721,FUV,5,0,5,23,0,60,5,0,0,0
SDSS-II SN 20721,NUV,5,0,12,1,0,160,5,0,0,0
SDSS-II SN 20722,FUV,0,0,1,0,0,0,0,0,0,0
SDSS-II SN 20722,NUV,0,0,1,0,0,0,0,0,0,0
SDSS-II SN 20744,FUV,1,0,0,1,0,3,1,0,0,0
SDSS-II SN 20744,NUV,0,0,0,0,0,3,0,0,0,0
SDSS-II SN 20750,FUV,0,0,0,2,0,0,0,0,0,0
SDSS-II SN 20750,NUV,0,0,0,0,0,0,0,0,0,0
SDSS-II SN 20759,FUV,0,0,0,0,0,0,0,0,0,0
SDSS-II SN 20759,NUV,0,0,0,0,0,0,0,0,0,0
SDSS-II SN 20787,FUV,2,0,1,3,0,7,3,0,0,0
SDSS-II SN 20787,NUV,0,0,1,0,0,7,0,0,0,0
SDSS-II SN 20791,FUV,0,0,0,1,0,0,0,0,0,0
SDSS-II SN 20805,FUV,1,0,0,3,0,4,1,0,0,0
SDSS-II SN 20805,NUV,2,0,2,0,0,14,2,0,0,0
SDSS-II SN 20825,FUV,0,0,0,1,0,0,0,0,0,0
SDSS-II SN 20825,NUV,1,0,0,0,0,0,1,0,0,0
SDSS-II SN 20828,FUV,0,0,0,2,0,0,0,0,0,0
SDSS-II SN 20828,NUV,0,0,0,0,0,0,0,0,0,0
SDSS-II SN 20830,FUV,1,0,0,0,0,0,1,0,0,0
SDSS-II SN 20830,NUV,0,0,0,0,0,0,0,0,0,0
SDSS-II SN 20842,FUV,0,0,0,0,0,0,0,0,0,0
SDSS-II SN 20842,NUV,0,0,0,0,0,0,0,0,0,0
SDSS-II SN 20877,FUV,0,0,0,2,0,0,0,0,0,0
SDSS-II SN 20877,NUV,0,0,0,0,0,0,0,0,0,0
SDSS-II SN 20896,FUV,1,0,0,3,0,1,1,0,0,0
SDSS-II SN 20896,NUV,0,0,0,0,0,1,0,0,0,0
SDSS-II SN 20926,FUV,0,0,0,1,0,0,0,0,0,0
SDSS-II SN 20936,FUV,0,0,0,0,0,0,1,0,0,0
SDSS-II SN 20936,NUV,0,0,0,0,0,0,0,0,0,0
SDSS-II SN 20953,NUV,1,0,0,0,0,0,1,0,0,0
SDSS-II SN 20961,FUV,0,0,0,0,0,1,1,0,0,0
SDSS-II SN 20961,NUV,0,0,0,0,0,1,0,0,0,0
SDSS-II SN 20969,FUV,1,0,0,0,0,0,1,0,0,0
SDSS-II SN 20969,NUV,1,0,0,0,0,0,1,0,0,0
SDSS-II SN 20971,FUV,1,0,0,0,0,0,1,0,0,0
SDSS-II SN 20971,NUV,0,0,0,0,0,0,0,0,0,0
SDSS-II SN 20998,NUV,3,0,0,0,0,4,3,0,0,0
SDSS-II SN 21001,FUV,0,0,0,0,0,0,0,0,0,0
SDSS-II SN 21001,NUV,0,0,0,0,0,0,0,0,0,0
SDSS-II SN 21015,FUV,0,0,0,1,0,0,0,0,0,0
SDSS-II SN 21015,NUV,0,0,0,0,0,0,0,0,0,0
SDSS-II SN 21060,FUV,21,0,9,80,0,87,42,0,0,0
SDSS-II SN 21060,NUV,29,0,24,8,0,210,35,0,0,0
SDSS-II SN 21069,FUV,2,0,0,0,0,0,2,0,0,0
SDSS-II SN 21069,NUV,0,0,0,0,0,0,0,0,0,0
SDSS-II SN 21185,FUV,1,0,0,1,0,4,2,0,0,0
SDSS-II SN 21185,NUV,0,0,1,0,0,6,0,0,0,0
SDSS-II SN 21306,FUV,7,0,12,46,0,6,16,0,0,0
SDSS-II SN 21306,NUV,5,0,2,1,0,11,6,0,0,0
SDSS-II SN 21347,FUV,0,0,0,0,0,0,0,0,0,0
SDSS-II SN 21347,NUV,0,0,0,0,0,0,0,0,0,0
SDSS-II SN 21351,FUV,1,0,0,0,0,0,1,0,0,0
SDSS-II SN 21351,NUV,0,0,0,0,0,0,0,0,0,0
SDSS-II SN 21381,FUV,0,0,0,0,0,0,0,0,0,0
SDSS-II SN 21381,NUV,1,0,0,0,0,0,1,0,0,0
SDSS-II SN 21401,FUV,0,0,0,0,0,0,1,0,0,0
SDSS-II SN 21401,NUV,0,0,0,0,0,0,0,0,0,0
SDSS-II SN 21482,FUV,0,0,0,1,0,0,0,0,0,0
SDSS-II SN 21482,NUV,0,0,0,0,0,0,0,0,0,0
SDSS-II SN 21487,FUV,1,0,0,1,0,0,1,0,0,0
SDSS-II SN 21487,NUV,1,0,1,0,0,0,1,0,0,0
SDSS-II SN 2149,FUV,1,0,0,0,0,1,1,0,0,0
SDSS-II SN 2149,NUV,1,0,0,0,0,1,1,0,0,0
SDSS-II SN 21589,FUV,0,0,0,0,0,0,0,0,0,0
SDSS-II SN 21589,NUV,0,0,0,0,0,0,0,0,0,0
SDSS-II SN 2162,FUV,0,0,0,0,0,0,0,0,0,0
SDSS-II SN 2162,NUV,0,0,0,0,0,0,0,0,0,0
SDSS-II SN 21858,FUV,0,0,0,4,0,3,0,0,0,0
SDSS-II SN 21858,NUV,0,0,0,0,0,3,0,0,0,0
SDSS-II SN 21874,FUV,0,0,0,0,0,0,0,0,0,0
SDSS-II SN 21874,NUV,0,0,0,1,0,0,0,0,0,0
SDSS-II SN 21875,FUV,0,0,0,2,0,4,0,0,0,0
SDSS-II SN 21875,NUV,2,0,0,1,0,4,2,0,0,0
SDSS-II SN 21884,FUV,2,0,0,0,0,0,2,0,0,0
SDSS-II SN 21884,NUV,0,0,0,0,0,0,0,0,0,0
SDSS-II SN 21885,FUV,2,0,0,1,0,1,2,0,0,0
SDSS-II SN 21885,NUV,0,0,0,0,0,3,0,0,0,0
SDSS-II SN 21888,FUV,0,0,1,0,0,0,0,0,0,0
SDSS-II SN 21888,NUV,0,0,1,0,0,5,0,0,0,0
SDSS-II SN 2551,FUV,2,0,0,0,0,0,2,0,0,0
SDSS-II SN 2551,NUV,1,0,0,0,0,0,1,0,0,0
SDSS-II SN 2621,FUV,0,0,0,3,0,1,1,0,0,0
SDSS-II SN 2621,NUV,0,0,0,0,0,1,0,0,0,0
SDSS-II SN 2639,FUV,0,0,0,1,0,0,0,0,0,0
SDSS-II SN 2639,NUV,0,0,0,0,0,0,0,0,0,0
SDSS-II SN 2784,FUV,1,0,0,1,0,1,1,0,0,0
SDSS-II SN 2784,NUV,1,0,0,1,0,3,2,0,0,0
SDSS-II SN 2806,FUV,0,0,0,0,0,0,0,0,0,0
SDSS-II SN 2806,NUV,1,0,0,0,0,0,1,0,0,0
SDSS-II SN 2808,FUV,0,0,0,0,0,0,0,0,0,0
SDSS-II SN 2808,NUV,1,0,0,0,0,0,1,0,0,0
SDSS-II SN 2855,FUV,1,0,0,0,0,0,2,0,0,0
SDSS-II SN 2855,NUV,0,0,0,0,0,0,0,0,0,0
SDSS-II SN 2871,FUV,0,0,1,1,0,0,0,0,0,0
SDSS-II SN 2871,NUV,0,0,1,0,0,0,0,0,0,0
SDSS-II SN 3161,NUV,2,0,0,0,0,0,2,0,0,0
SDSS-II SN 3172,NUV,0,0,0,0,0,0,0,0,0,0
SDSS-II SN 3175,FUV,0,0,0,0,0,0,0,0,0,0
SDSS-II SN 3175,NUV,0,0,0,0,0,0,0,0,0,0
SDSS-II SN 3180,FUV,0,0,0,1,0,0,0,0,0,0
SDSS-II SN 3180,NUV,0,0,0,0,0,0,0,0,0,0
SDSS-II SN 3195,FUV,0,0,0,0,0,0,0,0,0,0
SDSS-II SN 3195,NUV,0,0,0,0,0,0,0,0,0,0
SDSS-II SN 3205,FUV,0,0,0,0,0,0,0,0,0,0
SDSS-II SN 3205,NUV,0,0,0,0,0,0,0,0,0,0
SDSS-II SN 3206,FUV,2,0,0,1,0,4,2,0,0,0
SDSS-II SN 3206,NUV,0,0,0,0,0,4,0,0,0,0
SDSS-II SN 3225,FUV,0,0,0,0,0,0,0,0,0,0
SDSS-II SN 3225,NUV,1,0,0,0,0,0,1,0,0,0
SDSS-II SN 3402,FUV,0,0,0,1,0,0,1,0,0,0
SDSS-II SN 3402,NUV,0,0,0,0,0,0,2,0,0,0
SDSS-II SN 3421,FUV,1,0,0,1,0,1,1,0,0,0
SDSS-II SN 3421,NUV,0,0,0,0,0,1,0,0,0,0
SDSS-II SN 3426,FUV,1,0,0,2,0,0,1,0,0,0
SDSS-II SN 3426,NUV,1,0,0,0,0,0,1,0,0,0
SDSS-II SN 3475,FUV,0,0,0,2,0,4,0,0,0,0
SDSS-II SN 3475,NUV,0,0,0,0,0,4,0,0,0,0
SDSS-II SN 3506,NUV,0,0,0,0,0,1,0,0,0,0
SDSS-II SN 3508,FUV,0,0,0,2,0,6,1,0,0,0
SDSS-II SN 3508,NUV,0,0,0,0,0,6,0,0,0,0
SDSS-II SN 3535,FUV,0,0,0,4,0,4,0,0,0,0
SDSS-II SN 3535,NUV,0,0,0,0,0,4,0,0,0,0
SDSS-II SN 3543,NUV,4,0,0,0,0,0,4,0,0,0
SDSS-II SN 3565,FUV,3,0,0,1,0,1,4,0,0,0
SDSS-II SN 3565,NUV,5,0,0,0,0,1,6,0,0,0
SDSS-II SN 3593,FUV,1,0,0,1,0,1,3,0,0,0
SDSS-II SN 3593,NUV,0,0,0,0,0,1,0,0,0,0
SDSS-II SN 3669,FUV,0,0,0,1,0,7,0,0,0,0
SDSS-II SN 3669,NUV,0,0,0,0,0,7,0,0,0,0
SDSS-II SN 3674,FUV,2,0,0,3,0,0,2,0,0,0
SDSS-II SN 3674,NUV,0,0,0,0,0,0,0,0,0,0
SDSS-II SN 3780,NUV,5,0,0,0,0,0,5,0,0,0
SDSS-II SN 3811,NUV,0,0,0,0,0,3,0,0,0,0
SDSS-II SN 3881,FUV,0,0,0,0,0,0,0,0,0,0
SDSS-II SN 3881,NUV,0,0,0,0,0,1,0,0,0,0
SDSS-II SN 3889,FUV,1,0,0,5,0,4,1,0,0,0
SDSS-II SN 3889,NUV,0,0,0,0,0,6,1,0,0,0
SDSS-II SN 3945,FUV,1,0,0,2,0,2,2,0,0,0
SDSS-II SN 3945,NUV,0,0,0,0,0,3,0,0,0,0
SDSS-II SN 3959,FUV,0,0,0,0,0,0,0,0,0,0
SDSS-II SN 3959,NUV,0,0,0,0,0,0,0,0,0,0
SDSS-II SN 3983,FUV,0,0,0,0,0,0,0,0,0,0
SDSS-II SN 3983,NUV,1,0,0,0,0,0,1,0,0,0
SDSS-II SN 4028,FUV,0,0,0,2,0,1,0,0,0,0
SDSS-II SN 4028,NUV,0,0,0,0,0,2,0,0,0,0
SDSS-II SN 4048,FUV,2,0,0,19,0,25,4,0,0,0
SDSS-II SN 4048,NUV,1,0,1,0,0,29,1,0,0,0
SDSS-II SN 4054,FUV,0,0,0,2,0,2,1,0,0,0
SDSS-II SN 4054,NUV,0,0,0,0,0,2,0,0,0,0
SDSS-II SN 4079,FUV,1,0,0,2,0,3,1,0,0,0
SDSS-II SN 4079,NUV,0,0,0,0,0,4,0,0,0,0
SDSS-II SN 4129,FUV,0,0,0,0,0,0,0,0,0,0
SDSS-II SN 4129,NUV,0,0,0,0,0,0,0,0,0,0
SDSS-II SN 4175,FUV,0,0,0,0,0,0,0,0,0,0
SDSS-II SN 4175,NUV,0,0,0,0,0,0,0,0,0,0
SDSS-II SN 4181,FUV,1,0,0,0,0,0,1,0,0,0
SDSS-II SN 4181,NUV,0,0,0,0,0,0,0,0,0,0
SDSS-II SN 4206,FUV,0,0,0,1,0,0,0,0,0,0
SDSS-II SN 4206,NUV,0,0,0,0,0,0,0,0,0,0
SDSS-II SN 4211,FUV,2,0,0,3,0,7,2,0,0,0
SDSS-II SN 4211,NUV,0,0,0,0,0,7,0,0,0,0
SDSS-II SN 4229,NUV,0,0,0,0,0,0,0,0,0,0
SDSS-II SN 4236,FUV,1,0,0,2,0,5,2,0,0,0
SDSS-II SN 4236,NUV,0,0,0,0,0,5,0,0,0,0
SDSS-II SN 4307,FUV,0,0,0,2,0,0,0,0,0,0
SDSS-II SN 4307,NUV,0,0,0,0,0,0,0,0,0,0
SDSS-II SN 4311,FUV,1,0,0,1,0,1,1,0,0,0
SDSS-II SN 4311,NUV,0,0,0,0,0,1,0,0,0,0
SDSS-II SN 4313,FUV,0,0,0,2,0,1,0,0,0,0
SDSS-II SN 4313,NUV,0,0,0,0,0,1,0,0,0,0
SDSS-II SN 4360,FUV,1,0,0,1,0,0,1,0,0,0
SDSS-II SN 4360,NUV,0,0,0,0,0,0,0,0,0,0
SDSS-II SN 4455,FUV,1,0,0,2,0,5,2,0,0,0
SDSS-II SN 4455,NUV,1,0,0,2,0,5,1,0,0,0
SDSS-II SN 4540,FUV,0,0,0,0,0,0,0,0,0,0
SDSS-II SN 4540,NUV,0,0,0,1,0,0,0,0,0,0
SDSS-II SN 4557,FUV,0,0,0,0,0,0,0,0,0,0
SDSS-II SN 4557,NUV,0,0,0,0,0,0,0,0,0,0
SDSS-II SN 4558,FUV,1,0,0,0,0,0,1,0,0,0
SDSS-II SN 4558,NUV,0,0,0,0,0,0,0,0,0,0
SDSS-II SN 4612,FUV,0,0,0,1,0,0,0,0,0,0
SDSS-II SN 4612,NUV,0,0,0,0,0,0,0,0,0,0
SDSS-II SN 4639,FUV,1,0,0,0,0,0,1,0,0,0
SDSS-II SN 4639,NUV,1,0,0,0,0,0,1,0,0,0
SDSS-II SN 4651,FUV,5,0,1,10,0,23,5,0,0,0
SDSS-II SN 4651,NUV,1,0,3,0,0,29,1,0,0,0
SDSS-II SN 4682,FUV,0,0,0,0,0,0,0,0,0,0
SDSS-II SN 4682,NUV,0,0,0,0,0,0,0,0,0,0
SDSS-II SN 4714,FUV,1,0,1,0,0,0,1,0,0,0
SDSS-II SN 4714,NUV,5,0,3,0,0,0,5,0,0,0
SDSS-II SN 4757,FUV,0,0,0,0,0,0,0,0,0,0
SDSS-II SN 4757,NUV,0,0,0,0,0,0,0,0,0,0
SDSS-II SN 4808,FUV,0,0,0,0,0,0,0,0,0,0
SDSS-II SN 4808,NUV,0,0,0,0,0,0,0,0,0,0
SDSS-II SN 4857,FUV,0,0,0,4,0,4,0,0,0,0
SDSS-II SN 4857,NUV,0,0,0,0,0,4,0,0,0,0
SDSS-II SN 4978,FUV,0,0,0,0,0,0,0,0,0,0
SDSS-II SN 4978,NUV,1,0,0,0,0,0,1,0,0,0
SDSS-II SN 5178,FUV,0,0,0,0,0,0,0,0,0,0
SDSS-II SN 5178,NUV,0,0,0,0,0,0,0,0,0,0
SDSS-II SN 5199,FUV,0,0,0,0,0,0,0,0,0,0
SDSS-II SN 5199,NUV,0,0,0,0,0,0,0,0,0,0
SDSS-II SN 5209,FUV,1,0,0,5,0,8,2,0,0,0
SDSS-II SN 5209,NUV,0,0,0,0,0,9,0,0,0,0
SDSS-II SN 5230,FUV,6,0,1,28,0,2,7,0,0,0
SDSS-II SN 5230,NUV,7,0,2,3,0,4,8,0,0,0
SDSS-II SN 5247,FUV,0,0,0,4,0,4,1,0,0,0
SDSS-II SN 5247,NUV,0,0,0,0,0,4,0,0,0,0
SDSS-II SN 5468,FUV,0,0,0,1,0,0,0,0,0,0
SDSS-II SN 5468,NUV,0,0,0,0,0,0,0,0,0,0
SDSS-II SN 5473,FUV,1,0,0,1,0,0,1,0,0,0
SDSS-II SN 5473,NUV,1,0,0,0,0,0,1,0,0,0
SDSS-II SN 5486,FUV,0,0,0,3,0,0,0,0,0,0
SDSS-II SN 5486,NUV,0,0,2,1,0,4,0,0,0,0
SDSS-II SN 5590,FUV,1,0,1,4,0,5,1,0,0,0
SDSS-II SN 5590,NUV,0,0,1,0,0,5,0,0,0,0
SDSS-II SN 5595,NUV,0,0,0,0,0,8,0,0,0,0
SDSS-II SN 5659,FUV,2,0,0,9,0,9,4,0,0,0
SDSS-II SN 5659,NUV,1,0,0,2,0,20,1,0,0,0
SDSS-II SN 5690,FUV,0,0,0,0,0,0,0,0,0,0
SDSS-II SN 5690,NUV,0,0,0,0,0,0,0,0,0,0
SDSS-II SN 5702,FUV,0,0,0,0,0,0,0,0,0,0
SDSS-II SN 5702,NUV,0,0,0,0,0,0,0,0,0,0
SDSS-II SN 5731,FUV,0,0,0,0,0,0,0,0,0,0
SDSS-II SN 5731,NUV,0,0,0,0,0,0,0,0,0,0
SDSS-II SN 5735,NUV,0,0,1,0,0,12,0,0,0,0
SDSS-II SN 5869,FUV,0,0,0,3,0,3,0,0,0,0
SDSS-II SN 5869,NUV,0,0,1,0,0,3,0,0,0,0
SDSS-II SN 5877,NUV,0,0,0,0,0,5,0,0,0,0
SDSS-II SN 5890,FUV,1,0,0,0,0,0,1,0,0,0
SDSS-II SN 5897,FUV,0,0,0,1,0,2,0,0,0,0
SDSS-II SN 5897,NUV,0,0,0,0,0,2,0,0,0,0
SDSS-II SN 5917,FUV,1,0,0,0,0,0,1,0,0,0
SDSS-II SN 5917,NUV,0,0,0,0,0,0,0,0,0,0
SDSS-II SN 5925,FUV,0,0,0,2,0,1,0,0,0,0
SDSS-II SN 5925,NUV,0,0,0,0,0,1,0,0,0,0
SDSS-II SN 5963,FUV,1,0,0,0,0,0,1,0,0,0
SDSS-II SN 5963,NUV,1,0,0,0,0,0,2,0,0,0
SDSS-II SN 5993,FUV,0,0,0,3,0,3,0,0,0,0
SDSS-II SN 5993,NUV,0,0,0,0,0,4,0,0,0,0
SDSS-II SN 6225,FUV,2,0,0,0,0,0,2,0,0,0
SDSS-II SN 6225,NUV,0,0,0,0,0,0,2,0,0,0
SDSS-II SN 6274,FUV,0,0,0,2,0,3,0,0,0,0
SDSS-II SN 6274,NUV,0,0,0,1,0,3,0,0,0,0
SDSS-II SN 6275,FUV,0,0,0,0,0,0,0,0,0,0
SDSS-II SN 6275,NUV,0,0,0,0,0,0,0,0,0,0
SDSS-II SN 6362,FUV,0,0,0,0,0,0,0,0,0,0
SDSS-II SN 6362,NUV,0,0,0,0,0,0,0,0,0,0
SDSS-II SN 6491,FUV,2,0,0,1,0,2,2,0,0,0
SDSS-II SN 6491,NUV,0,0,0,0,0,12,0,0,0,0
SDSS-II SN 6496,NUV,0,0,0,0,0,16,0,0,0,0
SDSS-II SN 6530,FUV,0,0,0,0,0,0,0,0,0,0
SDSS-II SN 6530,NUV,0,0,0,0,0,0,0,0,0,0
SDSS-II SN 6556,FUV,0,0,0,4,0,1,0,0,0,0
SDSS-II SN 6556,NUV,0,0,0,0,0,1,0,0,0,0
SDSS-II SN 6618,FUV,1,0,0,0,0,3,1,0,0,0
SDSS-II SN 6618,NUV,0,0,0,0,0,3,0,0,0,0
SDSS-II SN 6696,NUV,0,0,0,0,0,0,0,0,0,0
SDSS-II SN 6709,FUV,0,0,0,1,0,0,0,0,0,0
SDSS-II SN 6709,NUV,0,0,0,0,0,0,0,0,0,0
SDSS-II SN 6807,NUV,0,0,0,0,0,0,0,0,0,0
SDSS-II SN 6813,FUV,0,0,0,1,0,0,0,0,0,0
SDSS-II SN 6813,NUV,0,0,0,0,0,0,0,0,0,0
SDSS-II SN 6816,FUV,0,0,0,0,0,0,0,0,0,0
SDSS-II SN 6816,NUV,0,0,0,0,0,0,0,0,0,0
SDSS-II SN 6831,FUV,0,0,0,0,0,0,0,0,0,0
SDSS-II SN 6831,NUV,0,0,0,0,0,0,0,0,0,0
SDSS-II SN 6861,FUV,1,0,0,0,0,0,1,0,0,0
SDSS-II SN 6861,NUV,0,0,0,0,0,0,0,0,0,0
SDSS-II SN 6877,FUV,0,0,0,0,0,0,0,0,0,0
SDSS-II SN 6877,NUV,1,0,0,0,0,0,1,0,0,0
SDSS-II SN 6889,FUV,2,0,0,4,0,3,2,0,0,0
SDSS-II SN 6889,NUV,0,0,0,0,0,3,0,0,0,0
SDSS-II SN 6895,FUV,0,0,0,1,0,0,0,0,0,0
SDSS-II SN 6895,NUV,0,0,0,0,0,0,0,0,0,0
SDSS-II SN 6896,FUV,0,0,0,7,0,11,0,0,0,0
SDSS-II SN 6896,NUV,0,0,0,0,0,11,0,0,0,0
SDSS-II SN 7051,FUV,0,0,0,2,0,0,0,0,0,0
SDSS-II SN 7051,NUV,0,0,0,0,0,0,0,0,0,0
SDSS-II SN 7056,FUV,0,0,0,0,0,0,0,0,0,0
SDSS-II SN 7056,NUV,0,0,0,0,0,0,0,0,0,0
SDSS-II SN 7099,FUV,0,0,0,0,0,0,0,0,0,0
SDSS-II SN 7099,NUV,0,0,0,0,0,0,0,0,0,0
SDSS-II SN 7194,FUV,0,0,1,1,0,0,0,0,0,0
SDSS-II SN 7194,NUV,2,0,3,0,0,0,2,0,0,0
SDSS-II SN 7195,FUV,4,0,1,2,0,0,5,0,0,0
SDSS-II SN 7195,NUV,0,0,3,1,0,0,0,0,0,0
SDSS-II SN 7365,FUV,0,0,0,2,0,1,0,0,0,0
SDSS-II SN 7365,NUV,2,0,1,0,0,5,2,0,0,0
SDSS-II SN 7373,FUV,4,0,3,5,0,8,5,0,0,0
SDSS-II SN 7373,NUV,2,0,0,0,0,8,2,0,0,0
SDSS-II SN 7374,FUV,16,0,9,47,0,100,23,0,0,0
SDSS-II SN 7374,NUV,5,0,2,0,0,106,7,0,0,0
SDSS-II SN 7413,FUV,0,0,0,0,0,0,0,0,0,0
SDSS-II SN 7413,NUV,0,0,0,0,0,0,0,0,0,0
SDSS-II SN 7479,FUV,0,0,0,0,0,0,0,0,0,0
SDSS-II SN 7479,NUV,0,0,0,0,0,0,0,0,0,0
SDSS-II SN 7502,FUV,1,0,0,1,0,0,1,0,0,0
SDSS-II SN 7502,NUV,0,0,0,0,0,0,0,0,0,0
SDSS-II SN 7600,FUV,0,0,1,4,0,6,0,0,0,0
SDSS-II SN 7600,NUV,1,0,1,0,0,7,1,0,0,0
SDSS-II SN 7644,FUV,0,0,0,1,0,0,0,0,0,0
SDSS-II SN 7644,NUV,0,0,0,0,0,0,0,0,0,0
SDSS-II SN 7699,FUV,0,0,0,1,0,0,0,0,0,0
SDSS-II SN 7699,NUV,0,0,0,0,0,0,0,0,0,0
SDSS-II SN 7701,FUV,1,0,0,0,0,0,1,0,0,0
SDSS-II SN 7701,NUV,0,0,0,0,0,0,0,0,0,0
SDSS-II SN 7713,FUV,0,0,0,0,0,0,0,0,0,0
SDSS-II SN 7713,NUV,1,0,0,0,0,0,1,0,0,0
SDSS-II SN 7717,FUV,1,0,0,3,0,0,1,0,0,0
SDSS-II SN 7717,NUV,0,0,0,0,0,0,0,0,0,0
SDSS-II SN 7736,FUV,0,0,1,1,0,5,0,0,0,0
SDSS-II SN 7736,NUV,1,0,0,0,0,6,1,0,0,0
SDSS-II SN 779,FUV,0,0,0,0,0,0,0,0,0,0
SDSS-II SN 779,NUV,0,0,0,0,0,0,0,0,0,0
SDSS-II SN 7802,FUV,1,0,0,0,0,1,1,0,0,0
SDSS-II SN 7802,NUV,0,0,0,0,0,1,0,0,0,0
SDSS-II SN 7803,FUV,1,0,0,0,0,0,1,0,0,0
SDSS-II SN 7803,NUV,0,0,0,0,0,0,0,0,0,0
SDSS-II SN 7824,FUV,0,0,0,0,0,0,0,0,0,0
SDSS-II SN 7824,NUV,0,0,0,0,0,0,0,0,0,0
SDSS-II SN 7835,FUV,0,0,0,3,0,0,0,0,0,0
SDSS-II SN 7835,NUV,0,0,0,0,0,0,0,0,0,0
SDSS-II SN 7884,FUV,0,0,0,1,0,0,0,0,0,0
SDSS-II SN 7884,NUV,0,0,0,0,0,0,0,0,0,0
SDSS-II SN 7954,FUV,0,0,0,1,0,1,0,0,0,0
SDSS-II SN 7954,NUV,0,0,1,0,0,1,0,0,0,0
SDSS-II SN 7986,FUV,1,0,0,1,0,0,2,0,0,0
SDSS-II SN 7986,NUV,0,0,0,2,0,0,0,0,0,0
SDSS-II SN 8004,FUV,1,0,0,0,0,0,1,0,0,0
SDSS-II SN 8004,NUV,0,0,0,0,0,0,0,0,0,0
SDSS-II SN 8092,FUV,1,0,0,2,0,0,2,0,0,0
SDSS-II SN 8092,NUV,0,0,0,0,0,0,0,0,0,0
SDSS-II SN 8114,FUV,8,1,8,45,2,10,17,2,0,0
SDSS-II SN 8114,NUV,6,0,1,1,0,15,6,0,0,0
SDSS-II SN 8160,FUV,0,0,0,0,0,0,0,0,0,0
SDSS-II SN 8160,NUV,0,0,0,0,0,0,0,0,0,0
SDSS-II SN 8165,FUV,0,0,0,0,0,0,0,0,0,0
SDSS-II SN 8165,NUV,0,0,0,0,0,0,0,0,0,0
SDSS-II SN 8216,FUV,0,0,0,3,0,8,1,0,0,0
SDSS-II SN 8216,NUV,0,0,0,0,0,10,0,0,0,0
SDSS-II SN 8254,FUV,2,0,2,2,0,2,2,0,0,0
SDSS-II SN 8254,NUV,0,0,4,0,0,2,1,0,0,0
SDSS-II SN 8280,FUV,1,0,0,1,0,5,1,0,0,0
SDSS-II SN 8280,NUV,0,0,0,0,0,5,0,0,0,0
SDSS-II SN 8290,FUV,0,0,0,0,0,0,0,0,0,0
SDSS-II SN 8290,NUV,0,0,0,0,0,0,0,0,0,0
SDSS-II SN 8307,FUV,0,0,0,2,0,5,1,0,0,0
SDSS-II SN 8307,NUV,0,0,0,0,0,5,0,0,0,0
SDSS-II SN 8421,FUV,0,0,0,4,0,8,1,0,0,0
SDSS-II SN 8421,NUV,1,0,0,0,0,9,1,0,0,0
SDSS-II SN 8605,FUV,0,0,0,1,0,1,0,0,0,0
SDSS-II SN 8605,NUV,0,0,0,0,0,1,0,0,0,0
SDSS-II SN 8607,FUV,10,0,6,55,0,109,22,0,0,0
SDSS-II SN 8607,NUV,28,0,13,5,0,262,37,1,0,0
SDSS-II SN 8700,NUV,0,0,0,0,0,0,0,0,0,0
SDSS-II SN 8730,FUV,0,0,0,1,0,0,0,0,0,0
SDSS-II SN 8730,NUV,2,0,0,0,0,0,2,0,0,0
SDSS-II SN 8888,FUV,3,0,0,12,0,12,4,0,0,0
SDSS-II SN 8888,NUV,0,0,0,0,0,18,0,0,0,0
SDSS-II SN 8912,NUV,0,0,0,0,0,9,1,0,0,0
SDSS-II SN 893,FUV,4,0,0,8,0,30,5,0,0,0
SDSS-II SN 893,NUV,2,0,0,0,0,33,2,0,0,0
SDSS-II SN 9020,FUV,1,0,0,0,0,0,1,0,0,0
SDSS-II SN 9020,NUV,0,0,0,0,0,0,0,0,0,0
SDSS-II SN 904,FUV,1,0,0,0,0,0,1,0,0,0
SDSS-II SN 904,NUV,0,0,0,0,0,0,1,0,0,0
SDSS-II SN 9052,FUV,0,0,0,3,0,0,0,0,0,0
SDSS-II SN 9052,NUV,0,0,0,0,0,0,1,0,0,0
SDSS-II SN 9109,FUV,1,0,0,0,0,0,1,0,0,0
SDSS-II SN 9109,NUV,0,0,0,0,0,1,0,0,0,0
SDSS-II SN 9132,FUV,0,0,0,1,0,4,1,0,0,0
SDSS-II SN 9132,NUV,0,0,0,0,0,4,0,0,0,0
SDSS-II SN 9133,FUV,0,0,0,0,0,0,0,0,0,0
SDSS-II SN 9133,NUV,0,0,0,1,0,0,0,0,0,0
SDSS-II SN 9194,FUV,0,0,0,1,0,1,2,0,0,0
SDSS-II SN 9194,NUV,1,0,0,0,0,1,2,0,0,0
SDSS-II SN 9239,FUV,0,0,0,2,0,5,1,0,0,0
SDSS-II SN 9239,NUV,1,0,0,0,0,5,1,0,0,0
SDSS-II SN 9268,NUV,1,0,0,0,0,10,1,0,0,0
SDSS-II SN 9326,FUV,3,0,0,10,0,12,5,0,0,0
SDSS-II SN 9326,NUV,0,0,0,0,0,19,0,0,0,0
SDSS-II SN 9424,FUV,1,0,0,3,0,2,1,0,0,0
SDSS-II SN 9424,NUV,1,0,0,5,0,2,1,0,0,0
SDSS-II SN 9558,FUV,1,0,0,4,0,1,1,0,0,0
SDSS-II SN 9558,NUV,0,0,0,0,0,1,0,0,0,0
SDSS-II SN 9594,FUV,0,0,0,0,0,0,0,0,0,0
SDSS-II SN 9594,NUV,1,0,0,0,0,5,1,0,0,0
SDSS-II SN 9704,FUV,1,0,1,6,0,4,1,0,0,0
SDSS-II SN 9704,NUV,0,0,1,0,0,4,0,0,0,0
SDSS-II SN 9817,FUV,0,0,0,2,0,2,0,0,0,0
SDSS-II SN 9817,NUV,1,0,0,0,0,2,1,0,0,0
SDSS-II SN 986,FUV,1,0,0,0,0,0,1,0,0,0
SDSS-II SN 986,NUV,0,0,0,0,0,0,0,0,0,0
SDSS-II SN 9895,FUV,0,0,0,0,0,0,0,0,0,0
SDSS-II SN 9895,NUV,0,0,0,0,0,0,0,0,0,0
SDSS-II SN 9954,FUV,0,0,0,2,0,0,0,0,0,0
SDSS-II SN 9954,NUV,0,0,0,0,0,0,0,0,0,0
SN2003im,FUV,0,0,0,0,0,0,0,0,0,0
SN2003im,NUV,0,0,0,0,0,0,0,0,0,0
SN2003jk,NUV,0,0,0,0,0,4,0,0,0,0
SN2003jr,FUV,1,0,0,0,0,0,1,0,0,0
SN2003jr,NUV,0,0,0,0,0,0,0,0,0,0
SN2003ju,FUV,3,0,0,4,0,8,3,0,0,0
SN2003ju,NUV,0,0,0,0,0,8,0,0,0,0
SN2003kk,FUV,1,0,0,0,0,0,1,0,0,0
SN2003kk,NUV,1,0,0,0,0,1,1,0,0,0
SN2003lc,FUV,0,0,0,0,0,0,0,0,0,0
SN2003lc,NUV,0,0,0,0,0,0,0,0,0,0
SN2003lf,FUV,0,0,0,0,0,0,0,0,0,0
SN2003lf,NUV,0,0,0,0,0,0,0,0,0,0
SN2003lj,NUV,1,0,0,0,0,0,1,0,0,0
SN2004at,FUV,0,0,0,3,0,0,0,0,0,0
SN2004at,NUV,0,0,0,0,0,0,0,0,0,0
SN2004bj,FUV,0,0,0,0,0,1,0,0,0,0
SN2004bj,NUV,0,0,0,0,0,2,0,0,0,0
SN2004bk,NUV,0,0,0,0,0,2,0,0,0,0
SN2004cn,FUV,0,0,0,1,0,2,0,0,0,0
SN2004cn,NUV,0,0,0,0,0,2,0,0,0,0
SN2004co,FUV,0,0,0,0,0,0,0,0,0,0
SN2004co,NUV,0,0,0,0,0,0,0,0,0,0
SN2004ey,FUV,0,0,0,0,0,0,0,0,0,0
SN2004ey,NUV,0,0,0,0,0,0,0,0,0,0
SN2004fd,NUV,0,0,0,0,0,1,0,0,0,0
SN2004fh,FUV,1,0,0,1,0,0,1,0,0,0
SN2004fh,NUV,0,0,0,0,0,0,0,0,0,0
SN2004fj,FUV,0,0,0,0,0,0,0,0,0,0
SN2004fj,NUV,0,0,0,0,0,0,0,0,0,0
SN2004fk,FUV,1,0,0,0,0,0,1,0,0,0
SN2004fm,FUV,0,0,0,0,0,0,0,0,0,0
SN2004fm,NUV,0,0,0,0,0,1,0,0,0,0
SN2004fu,FUV,1,0,0,0,0,0,1,0,0,0
SN2004fu,NUV,0,0,0,0,0,0,0,0,0,0
SN2004gs,FUV,1,0,0,2,0,3,1,0,0,0
SN2004gs,NUV,0,0,0,0,0,3,0,0,0,0
SN2004hd,NUV,0,0,2,0,0,0,0,0,0,0
SN2004hh,NUV,1,0,0,0,0,2,1,0,0,0
SN2004hk,FUV,1,0,0,0,0,0,1,0,0,0
SN2004hk,NUV,0,0,0,0,0,1,0,0,0,0
SN2004ho,FUV,0,0,0,0,0,0,0,0,0,0
SN2004ho,NUV,1,0,0,0,0,0,1,0,0,0
SN2004ia,FUV,0,0,0,0,0,0,0,0,0,0
SN2004ia,NUV,0,0,0,0,0,0,0,0,0,0
SN2004id,FUV,0,0,0,2,0,0,0,0,0,0
SN2004id,NUV,0,0,0,0,0,0,0,0,0,0
SN2004ie,FUV,0,0,0,0,0,0,0,0,0,0
SN2004ie,NUV,0,0,0,0,0,0,0,0,0,0
SN2004if,FUV,1,0,0,6,0,0,1,0,0,0
SN2004if,NUV,0,0,0,0,0,0,0,0,0,0
SN2004ig,FUV,0,0,0,0,0,0,0,0,0,0
SN2004ig,NUV,0,0,0,0,0,0,0,0,0,0
SN2004ij,FUV,0,0,1,3,0,4,0,0,0,0
SN2004ij,NUV,0,0,1,0,0,5,0,0,0,0
SN2004ik,FUV,0,0,0,0,0,0,0,0,0,0
SN2004ik,NUV,0,0,0,0,0,0,0,0,0,0
SN2004il,FUV,2,0,0,5,0,8,2,0,0,0
SN2004il,NUV,2,0,0,0,0,9,2,0,0,0
SN2005A,FUV,1,0,0,1,0,0,1,0,0,0
SN2005A,NUV,1,0,0,0,0,0,1,0,0,0
SN2005S,FUV,0,0,0,0,0,0,0,0,0,0
SN2005S,NUV,1,0,0,0,0,0,1,0,0,0
SN2005ac,FUV,0,0,0,0,0,0,0,0,0,0
SN2005ac,NUV,0,0,0,0,0,0,0,0,0,0
SN2005cc,NUV,0,0,0,0,0,1,0,0,0,0
SN2005co,FUV,1,0,0,4,0,1,1,0,0,0
SN2005co,NUV,0,0,0,0,0,1,0,0,0,0
SN2005cr,FUV,1,0,1,0,0,0,1,0,0,0
SN2005cr,NUV,0,0,1,0,0,0,0,0,0,0
SN2005dh,FUV,0,0,0,1,0,2,0,0,0,0
SN2005dh,NUV,0,0,0,0,0,4,0,0,0,0
SN2005ed,FUV,1,0,1,2,0,4,1,0,0,0
SN2005ed,NUV,1,0,1,0,0,5,1,0,0,0
SN2005ef,FUV,1,0,0,2,0,3,2,0,0,0
SN2005ef,NUV,0,0,0,0,0,3,0,0,0,0
SN2005eg,FUV,0,0,0,3,0,5,1,0,0,0
SN2005eg,NUV,0,0,0,0,0,5,0,0,0,0
SN2005eh,FUV,1,0,0,1,0,0,1,0,0,0
SN2005eh,NUV,0,0,0,0,0,0,0,0,0,0
SN2005ej,FUV,0,0,0,2,0,2,1,0,0,0
SN2005ej,NUV,0,0,0,0,0,2,0,0,0,0
SN2005eq,FUV,1,0,0,0,0,0,1,0,0,0
SN2005eq,NUV,0,0,0,0,0,0,0,0,0,0
SN2005eu,FUV,2,0,0,3,0,2,2,0,0,0
SN2005eu,NUV,1,0,0,0,0,3,2,0,0,0
SN2005ev,FUV,0,0,0,0,0,0,0,0,0,0
SN2005ev,NUV,0,0,0,0,0,0,0,0,0,0
SN2005ex,FUV,0,0,0,0,0,2,0,0,0,0
SN2005ex,NUV,0,0,0,0,0,2,0,0,0,0
SN2005fb,FUV,0,0,0,2,0,4,0,0,0,0
SN2005fb,NUV,0,0,0,0,0,4,0,0,0,0
SN2005fe,FUV,7,0,1,35,0,13,11,0,0,0
SN2005fe,NUV,0,0,3,1,0,49,1,0,0,0
SN2005ff,NUV,0,0,0,0,0,0,0,0,0,0
SN2005fh,FUV,0,0,0,1,0,1,1,0,0,0
SN2005fh,NUV,1,0,0,0,0,1,1,0,0,0
SN2005fi,FUV,0,0,0,2,0,8,1,0,0,0
SN2005fi,NUV,0,0,0,0,0,8,0,0,0,0
SN2005fn,NUV,0,0,0,0,0,0,0,0,0,0
SN2005fq,FUV,0,0,0,2,0,0,0,0,0,0
SN2005fq,NUV,0,0,0,0,0,1,0,0,0,0
SN2005fr,FUV,0,0,0,0,0,1,0,0,0,0
SN2005fr,NUV,0,0,0,0,0,1,0,0,0,0
SN2005ft,NUV,0,0,0,0,0,1,0,0,0,0
SN2005fv,FUV,0,0,0,3,0,7,0,0,0,0
SN2005fv,NUV,0,0,0,0,0,7,0,0,0,0
SN2005fx,FUV,1,0,0,1,0,0,1,0,0,0
SN2005fx,NUV,1,0,0,0,0,0,1,0,0,0
SN2005fy,FUV,1,0,0,0,0,0,1,0,0,0
SN2005fy,NUV,0,0,0,0,0,0,0,0,0,0
SN2005fz,FUV,0,0,0,0,0,0,0,0,0,0
SN2005fz,NUV,0,0,0,0,0,0,0,0,0,0
SN2005gc,FUV,0,0,0,2,0,2,1,0,0,0
SN2005gc,NUV,0,0,0,0,0,2,0,0,0,0
SN2005gf,FUV,8,0,1,19,0,0,13,0,0,0
SN2005gf,NUV,3,0,2,1,0,1,5,0,0,0
SN2005gg,FUV,2,0,1,2,0,0,5,0,0,0
SN2005gg,NUV,2,0,2,3,0,3,2,0,0,0
SN2005gh,NUV,0,0,0,0,0,2,0,0,0,0
SN2005gj,FUV,3,0,1,3,0,5,3,0,0,0
SN2005gj,NUV,0,0,1,0,0,5,0,0,0,0
SN2005go,FUV,0,0,0,0,0,0,0,0,0,0
SN2005go,NUV,0,0,0,0,0,1,0,0,0,0
SN2005gq,FUV,0,0,0,0,0,0,0,0,0,0
SN2005gq,NUV,0,0,0,0,0,0,0,0,0,0
SN2005gr,FUV,0,0,0,2,0,2,0,0,0,0
SN2005gr,NUV,0,0,0,0,0,2,0,0,0,0
SN2005gx,FUV,0,0,1,3,0,6,0,0,0,0
SN2005gx,NUV,0,0,1,0,0,6,0,0,0,0
SN2005hc,FUV,0,0,0,0,0,0,0,0,0,0
SN2005hc,NUV,0,0,0,0,0,6,0,0,0,0
SN2005hj,FUV,1,0,0,5,0,5,1,0,0,0
SN2005hj,NUV,0,0,0,0,0,6,0,0,0,0
SN2005hk,FUV,0,0,0,2,0,2,1,0,0,0
SN2005hk,NUV,0,0,0,0,0,2,0,0,0,0
SN2005ho,FUV,1,0,0,1,0,0,1,0,0,0
SN2005ho,NUV,0,0,0,0,0,0,0,0,0,0
SN2005hr,FUV,1,0,0,2,0,0,1,0,0,0
SN2005hr,NUV,0,0,0,0,0,0,0,0,0,0
SN2005ht,NUV,0,0,0,0,0,0,0,0,0,0
SN2005hu,FUV,3,0,0,2,0,3,3,0,0,0
SN2005hu,NUV,0,0,0,0,0,4,0,0,0,0
SN2005hv,FUV,3,0,0,7,0,8,4,0,0,0
SN2005hv,NUV,3,0,0,0,0,42,4,0,0,0
SN2005hz,FUV,0,0,0,0,0,1,0,0,0,0
SN2005hz,NUV,0,0,0,0,0,1,0,0,0,0
SN2005ia,FUV,0,0,0,3,0,3,0,0,0,0
SN2005ia,NUV,0,0,0,0,0,8,0,0,0,0
SN2005id,FUV,1,0,0,3,0,0,1,0,0,0
SN2005id,NUV,0,0,0,0,0,2,0,0,0,0
SN2005ie,FUV,1,0,0,0,0,0,1,0,0,0
SN2005ie,NUV,0,0,0,0,0,0,0,0,0,0
SN2005ih,FUV,0,0,0,2,0,2,0,0,0,0
SN2005ih,NUV,0,0,0,0,0,2,0,0,0,0
SN2005ij,FUV,0,0,0,1,0,0,0,0,0,0
SN2005ij,NUV,0,0,0,0,0,0,0,0,0,0
SN2005il,FUV,0,0,2,0,0,1,1,0,0,0
SN2005il,NUV,0,0,2,0,0,1,0,0,0,0
SN2005in,FUV,1,0,0,2,0,1,1,0,0,0
SN2005in,NUV,0,0,0,0,0,1,0,0,0,0
SN2005is,FUV,2,0,0,1,0,3,2,0,0,0
SN2005is,NUV,0,0,0,0,0,3,0,0,0,0
SN2005ix,NUV,0,0,0,0,0,10,0,0,0,0
SN2005jc,FUV,1,0,0,0,0,0,1,0,0,0
SN2005jc,NUV,0,0,0,0,0,0,0,0,0,0
SN2005jf,FUV,0,0,0,0,0,0,0,0,0,0
SN2005jf,NUV,0,0,0,0,0,0,0,0,0,0
SN2005jh,FUV,0,0,0,3,0,2,0,0,0,0
SN2005jh,NUV,0,0,0,0,0,2,0,0,0,0
SN2005jj,NUV,1,0,2,0,0,10,1,0,0,0
SN2005jk,FUV,1,0,0,0,0,0,1,0,0,0
SN2005jk,NUV,0,0,0,0,0,0,0,0,0,0
SN2005jn,FUV,0,0,0,2,0,0,1,0,0,0
SN2005jn,NUV,0,0,0,0,0,0,0,0,0,0
SN2005jo,FUV,1,0,1,2,0,4,1,0,0,0
SN2005jo,NUV,0,0,1,1,0,4,0,0,0,0
SN2005jp,FUV,0,0,0,0,0,0,0,0,0,0
SN2005jp,NUV,1,0,0,0,0,0,1,0,0,0
SN2005jr,FUV,0,0,0,1,0,2,0,0,0,0
SN2005jr,NUV,0,0,0,0,0,2,0,0,0,0
SN2005js,FUV,0,0,0,0,0,1,0,0,0,0
SN2005js,NUV,0,0,0,0,0,1,0,0,0,0
SN2005jw,NUV,0,0,1,0,0,1,0,0,0,0
SN2005jz,FUV,1,0,0,1,0,1,1,0,0,0
SN2005jz,NUV,0,0,0,0,0,1,0,0,0,0
SN2005ka,FUV,2,0,0,0,0,0,2,0,0,0
SN2005ka,NUV,1,0,0,2,0,0,1,0,0,0
SN2005kc,NUV,0,0,0,0,0,0,0,0,0,0
SN2005ke,FUV,0,0,0,0,0,0,0,0,0,0
SN2005ke,NUV,0,0,0,1,0,0,0,0,0,0
SN2005ko,FUV,0,0,0,1,0,0,0,0,0,0
SN2005ko,NUV,0,0,0,0,0,0,0,0,0,0
SN2005kq,FUV,2,0,0,1,0,6,2,0,0,0
SN2005kq,NUV,0,0,0,0,0,6,0,0,0,0
SN2005kt,FUV,0,0,0,0,0,0,0,0,0,0
SN2005kt,NUV,0,0,0,0,0,0,0,0,0,0
SN2005ky,FUV,8,0,0,13,0,0,11,0,0,0
SN2005ky,NUV,3,0,1,1,0,0,5,0,0,0
SN2005le,NUV,0,0,0,0,0,0,0,0,0,0
SN2005lh,FUV,1,0,0,1,0,0,1,0,0,0
SN2005lh,NUV,1,0,0,0,0,0,1,0,0,0
SN2005lj,FUV,0,0,0,0,0,0,0,0,0,0
SN2005lj,NUV,0,0,0,0,0,0,0,0,0,0
SN2005ln,FUV,1,0,0,0,0,0,1,0,0,0
SN2005ln,NUV,0,0,0,0,0,0,0,0,0,0
SN2005lp,FUV,0,0,0,0,0,0,0,0,0,0
SN2005lp,NUV,0,0,0,0,0,0,0,0,0,0
SN2005mc,NUV,1,0,0,0,0,0,1,0,0,0
SN2005ml,FUV,0,0,0,0,0,0,0,0,0,0
SN2005ml,NUV,0,0,0,0,0,0,0,0,0,0
SN2005mn,FUV,0,0,3,0,0,0,0,0,0,0
SN2005mn,NUV,1,0,7,0,0,0,1,0,0,0
SN2005mo,FUV,3,0,0,2,0,1,3,0,0,0
SN2005mo,NUV,0,0,0,0,0,3,0,0,0,0
SN2005mp,FUV,2,0,0,3,0,3,2,0,0,0
SN2005mp,NUV,0,0,0,0,0,3,0,0,0,0
SN2005mq,FUV,0,0,0,2,0,0,0,0,0,0
SN2005mq,NUV,0,0,0,0,0,0,0,0,0,0
SN2006D,FUV,1,0,0,1,0,1,1,0,0,0
SN2006D,NUV,0,0,0,0,0,1,0,0,0,0
SN2006E,FUV,0,0,0,0,0,0,0,0,0,0
SN2006E,NUV,0,0,0,0,0,0,0,0,0,0
SN2006P,FUV,0,0,0,0,0,0,0,0,0,0
SN2006P,NUV,0,0,0,0,0,0,0,0,0,0
SN2006X,FUV,0,0,0,0,0,0,0,0,0,0
SN2006X,NUV,3,0,0,0,0,0,3,0,0,0
SN2006Z,NUV,0,0,0,0,0,0,0,0,0,0
SN2006ap,FUV,0,0,0,0,0,0,0,0,0,0
SN2006ap,NUV,0,0,0,0,0,0,0,0,0,0
SN2006ax,NUV,0,0,0,0,0,0,0,0,0,0
SN2006bk,FUV,0,0,0,0,0,3,0,0,0,0
SN2006bk,NUV,0,0,1,0,0,4,0,0,0,0
SN2006bm,FUV,0,0,0,0,0,0,0,0,0,0
SN2006bm,NUV,0,0,0,0,0,0,0,0,0,0
SN2006br,NUV,0,0,1,0,0,0,0,0,0,0
SN2006cc,FUV,0,0,0,1,0,0,0,0,0,0
SN2006cc,NUV,0,0,0,0,0,0,0,0,0,0
SN2006cg,FUV,0,0,0,1,0,0,0,0,0,0
SN2006cg,NUV,0,0,0,0,0,0,0,0,0,0
SN2006ch,NUV,2,0,0,0,0,0,2,0,0,0
SN2006cz,NUV,0,0,0,0,0,1,0,0,0,0
SN2006dd,FUV,0,0,0,0,0,0,0,0,0,0
SN2006dd,NUV,1,0,0,0,0,0,1,0,0,0
SN2006dm,FUV,0,0,0,1,0,2,0,0,0,0
SN2006dm,NUV,0,0,0,0,0,2,0,0,0,0
SN2006eb,FUV,1,0,0,0,0,0,1,0,0,0
SN2006eb,NUV,0,0,0,0,0,0,0,0,0,0
SN2006ef,FUV,0,0,0,0,0,1,0,0,0,0
SN2006ef,NUV,0,0,0,0,0,1,0,0,0,0
SN2006en,FUV,0,0,0,0,0,0,0,0,0,0
SN2006en,NUV,0,0,0,0,0,0,0,0,0,0
SN2006eq,FUV,0,0,0,2,0,0,0,0,0,0
SN2006eq,NUV,0,0,0,0,0,0,0,0,0,0
SN2006er,FUV,0,0,0,0,0,0,0,0,0,0
SN2006er,NUV,0,0,0,0,0,0,0,0,0,0
SN2006eu,FUV,0,0,0,1,0,0,0,0,0,0
SN2006eu,NUV,0,0,0,0,0,0,0,0,0,0
SN2006ex,NUV,0,0,0,0,0,15,0,0,0,0
SN2006fb,FUV,0,0,0,0,0,0,0,0,0,0
SN2006fb,NUV,0,0,0,0,0,0,0,0,0,0
SN2006fc,FUV,1,0,0,0,0,0,1,0,0,0
SN2006fd,FUV,0,0,0,0,0,0,0,0,0,0
SN2006fd,NUV,0,0,0,0,0,0,0,0,0,0
SN2006fe,NUV,0,0,0,0,0,0,0,0,0,0
SN2006ff,FUV,0,0,0,4,0,4,0,0,0,0
SN2006ff,NUV,0,0,0,0,0,4,0,0,0,0
SN2006fk,FUV,0,0,0,0,0,0,1,0,0,0
SN2006fk,NUV,0,0,0,0,0,2,0,0,0,0
SN2006fl,FUV,1,0,0,3,0,10,1,0,0,0
SN2006fl,NUV,0,0,0,0,0,11,0,0,0,0
SN2006fm,FUV,0,0,0,0,0,0,1,0,0,0
SN2006fm,NUV,0,0,0,0,0,0,0,0,0,0
SN2006fn,FUV,0,0,0,0,0,0,1,0,0,0
SN2006fn,NUV,1,0,0,0,0,0,1,0,0,0
SN2006fr,NUV,0,0,0,0,0,0,0,0,0,0
SN2006fu,FUV,1,0,0,0,0,0,1,0,0,0
SN2006fu,NUV,0,0,0,0,0,0,0,0,0,0
SN2006fv,FUV,1,0,0,6,0,6,1,0,0,0
SN2006fv,NUV,0,0,0,0,0,8,0,0,0,0
SN2006fw,FUV,0,0,0,3,0,1,0,0,0,0
SN2006fw,NUV,0,0,1,0,0,1,0,0,0,0
SN2006ga,FUV,0,0,0,0,0,0,0,0,0,0
SN2006ga,NUV,0,0,0,0,0,0,0,0,0,0
SN2006ge,FUV,1,0,0,0,0,0,1,0,0,0
SN2006ge,NUV,0,0,0,0,0,0,0,0,0,0
SN2006gf,FUV,0,0,0,0,0,0,0,0,0,0
SN2006gf,NUV,0,0,0,0,0,0,0,0,0,0
SN2006gg,FUV,0,0,0,1,0,0,0,0,0,0
SN2006gg,NUV,0,0,0,0,0,0,0,0,0,0
SN2006gh,FUV,0,0,0,0,0,0,0,0,0,0
SN2006gh,NUV,0,0,0,0,0,0,0,0,0,0
SN2006gl,FUV,1,0,0,1,0,1,1,0,0,0
SN2006gl,NUV,0,0,0,0,0,1,0,0,0,0
SN2006go,FUV,0,0,0,0,0,0,0,0,0,0
SN2006go,NUV,0,0,0,0,0,0,0,0,0,0
SN2006gt,FUV,0,0,0,0,0,0,0,0,0,0
SN2006gt,NUV,0,0,0,0,0,0,0,0,0,0
SN2006gv,FUV,1,0,0,0,0,0,1,0,0,0
SN2006gv,NUV,0,0,0,0,0,0,0,0,0,0
SN2006gw,FUV,0,0,0,0,0,0,0,0,0,0
SN2006gw,NUV,0,0,0,0,0,0,0,0,0,0
SN2006hb,FUV,0,0,0,2,0,0,0,0,0,0
SN2006hb,NUV,0,0,0,0,0,0,0,0,0,0
SN2006hd,FUV,0,0,0,0,0,0,1,0,0,0
SN2006hd,NUV,0,0,0,0,0,0,0,0,0,0
SN2006he,FUV,0,0,0,0,0,0,0,0,0,0
SN2006he,NUV,0,0,0,0,0,0,0,0,0,0
SN2006hl,FUV,0,0,0,1,0,6,0,0,0,0
SN2006hl,NUV,1,0,0,0,0,7,1,0,0,0
SN2006hn,NUV,0,0,0,0,0,0,0,0,0,0
SN2006hq,FUV,1,0,0,2,0,1,1,0,0,0
SN2006hq,NUV,0,0,0,0,0,1,0,0,0,0
SN2006hr,FUV,0,0,0,0,0,0,0,0,0,0
SN2006hr,NUV,0,0,0,0,0,0,0,0,0,0
SN2006ht,FUV,0,0,0,2,0,2,0,0,0,0
SN2006ht,NUV,0,0,1,0,0,5,0,0,0,0
SN2006hu,FUV,1,0,0,1,0,0,1,0,0,0
SN2006hu,NUV,2,0,0,0,0,0,2,0,0,0
SN2006hy,FUV,0,0,0,0,0,0,0,0,0,0
SN2006hy,NUV,0,0,0,0,0,0,0,0,0,0
SN2006ib,FUV,0,0,0,0,0,0,0,0,0,0
SN2006ib,NUV,0,0,0,0,0,0,0,0,0,0
SN2006iy,FUV,0,0,0,0,0,0,0,0,0,0
SN2006iy,NUV,1,0,0,0,0,3,1,0,0,0
SN2006iz,FUV,0,0,0,0,0,0,0,0,0,0
SN2006iz,NUV,0,0,0,0,0,0,0,0,0,0
SN2006jg,FUV,0,0,0,1,0,0,0,0,0,0
SN2006jg,NUV,0,0,0,0,0,0,0,0,0,0
SN2006jh,FUV,0,0,0,1,0,0,0,0,0,0
SN2006jh,NUV,0,0,0,0,0,0,0,0,0,0
SN2006jm,FUV,1,0,0,0,0,0,1,0,0,0
SN2006jm,NUV,1,0,0,0,0,0,1,0,0,0
SN2006jr,FUV,0,0,0,0,0,0,0,0,0,0
SN2006jr,NUV,0,0,0,0,0,0,0,0,0,0
SN2006js,NUV,0,0,2,0,0,2,0,0,0,0
SN2006jt,FUV,2,0,0,4,0,11,3,0,0,0
SN2006jt,NUV,0,0,0,0,0,11,0,0,0,0
SN2006ju,FUV,1,0,0,2,0,8,1,0,0,0
SN2006ju,NUV,0,0,0,0,0,8,0,0,0,0
SN2006jw,FUV,0,0,0,0,0,0,0,0,0,0
SN2006jw,NUV,1,0,0,0,0,0,1,0,0,0
SN2006jy,FUV,0,0,0,0,0,0,0,0,0,0
SN2006jy,NUV,0,0,0,0,0,0,0,0,0,0
SN2006jz,FUV,0,0,0,4,0,6,0,0,0,0
SN2006jz,NUV,0,0,0,0,0,7,0,0,0,0
SN2006ka,FUV,0,0,0,1,0,0,0,0,0,0
SN2006ka,NUV,0,0,0,0,0,0,0,0,0,0
SN2006kd,FUV,0,0,0,0,0,1,0,0,0,0
SN2006kd,NUV,1,1,0,0,0,1,1,1,0,0
SN2006kj,FUV,1,0,0,0,0,0,2,0,0,0
SN2006kj,NUV,0,0,0,0,0,0,0,0,0,0
SN2006kk,FUV,0,0,0,1,0,1,0,0,0,0
SN2006kk,NUV,1,0,0,0,0,2,1,0,0,0
SN2006ko,FUV,0,0,0,0,0,0,0,0,0,0
SN2006ko,NUV,0,0,0,0,0,0,0,0,0,0
SN2006kp,FUV,0,0,0,0,0,0,1,0,0,0
SN2006kp,NUV,0,0,0,0,0,0,0,0,0,0
SN2006kq,FUV,0,0,0,1,0,2,1,0,0,0
SN2006kr,FUV,0,0,0,0,0,0,0,0,0,0
SN2006kr,NUV,0,0,0,0,0,0,0,0,0,0
SN2006ku,FUV,0,0,0,0,0,0,0,0,0,0
SN2006ku,NUV,0,0,0,0,0,0,0,0,0,0
SN2006kx,FUV,2,0,0,0,0,2,2,0,0,0
SN2006kx,NUV,0,0,0,0,0,2,0,0,0,0
SN2006lb,FUV,0,0,0,1,0,1,0,0,0,0
SN2006lb,NUV,0,0,0,0,0,2,0,0,0,0
SN2006lj,FUV,0,0,0,0,0,1,0,0,0,0
SN2006lj,NUV,0,0,0,0,0,1,0,0,0,0
SN2006ll,FUV,1,0,0,7,0,9,2,0,0,0
SN2006ll,NUV,0,0,0,0,0,13,0,0,0,0
SN2006lo,FUV,15,0,3,75,0,79,21,0,0,0
SN2006lo,NUV,14,0,10,1,0,198,17,0,0,0
SN2006lp,FUV,0,0,1,1,0,8,0,0,0,0
SN2006lp,NUV,0,0,1,0,0,8,0,0,0,0
SN2006lq,FUV,0,0,0,0,0,0,0,0,0,0
SN2006lq,NUV,0,0,0,0,0,0,0,0,0,0
SN2006lw,FUV,0,0,0,2,0,0,0,0,0,0
SN2006lw,NUV,0,0,0,0,0,2,0,0,0,0
SN2006ly,NUV,0,0,0,0,0,0,0,0,0,0
SN2006mt,FUV,0,0,0,4,0,6,0,0,0,0
SN2006mt,NUV,0,0,0,0,0,6,0,0,0,0
SN2006mw,FUV,0,0,0,1,0,0,0,0,0,0
SN2006mw,NUV,0,0,0,0,0,0,0,0,0,0
SN2006na,FUV,1,0,0,0,0,0,1,0,0,0
SN2006na,NUV,0,0,0,0,0,0,0,0,0,0
SN2006nb,FUV,1,0,1,6,0,3,2,0,0,0
SN2006nb,NUV,0,0,3,1,0,3,0,0,0,0
SN2006nc,FUV,0,0,0,5,0,4,0,0,0,0
SN2006nc,NUV,0,0,0,0,0,4,0,0,0,0
SN2006nd,NUV,0,0,0,0,0,0,0,0,0,0
SN2006nf,FUV,0,0,0,0,0,0,0,0,0,0
SN2006nf,NUV,0,0,0,0,0,0,0,0,0,0
SN2006ng,FUV,2,0,0,4,0,3,2,0,0,0
SN2006ng,NUV,0,0,0,0,0,4,0,0,0,0
SN2006ni,NUV,0,0,2,0,0,9,0,0,0,0
SN2006nk,FUV,1,1,0,0,0,0,1,1,0,0
SN2006nk,NUV,0,0,0,0,0,0,0,0,0,0
SN2006nl,FUV,0,0,0,0,0,0,0,0,0,0
SN2006nl,NUV,0,0,0,0,0,0,0,0,0,0
SN2006nn,FUV,0,0,0,0,0,0,0,0,0,0
SN2006nn,NUV,0,0,0,0,0,0,0,0,0,0
SN2006np,FUV,1,0,0,2,0,2,1,0,0,0
SN2006np,NUV,0,0,0,0,0,3,0,0,0,0
SN2006nu,FUV,1,0,0,3,0,4,2,0,0,0
SN2006nu,NUV,0,0,1,0,0,6,0,0,0,0
SN2006nv,FUV,0,0,0,0,0,1,0,0,0,0
SN2006nv,NUV,0,0,1,0,0,2,0,0,0,0
SN2006nz,FUV,3,0,0,6,0,5,5,1,0,0
SN2006nz,NUV,1,0,0,0,0,5,1,0,0,0
SN2006oc,FUV,1,0,0,0,0,0,1,0,0,0
SN2006oc,NUV,1,0,0,0,0,0,1,0,0,0
SN2006od,FUV,0,0,0,0,0,0,0,0,0,0
SN2006od,NUV,0,0,0,0,0,1,0,0,0,0
SN2006oe,FUV,0,0,0,0,0,0,0,0,0,0
SN2006oe,NUV,0,0,0,0,0,0,0,0,0,0
SN2006of,FUV,1,0,0,3,0,3,1,0,0,0
SN2006of,NUV,0,0,0,0,0,3,0,0,0,0
SN2006oi,FUV,0,0,0,0,0,0,0,0,0,0
SN2006oi,NUV,0,0,0,0,0,0,0,0,0,0
SN2006oj,FUV,0,0,1,3,0,2,1,0,0,0
SN2006oj,NUV,0,0,1,0,0,2,0,0,0,0
SN2006ok,FUV,0,0,0,0,0,1,0,0,0,0
SN2006ok,NUV,1,0,0,0,0,5,1,0,0,0
SN2006ol,FUV,0,0,0,3,0,9,0,0,0,0
SN2006ol,NUV,0,0,1,0,0,12,1,0,0,0
SN2006oy,NUV,1,0,0,0,0,0,1,0,0,0
SN2006pa,FUV,0,0,0,1,0,0,0,0,0,0
SN2006pa,NUV,1,0,0,1,0,0,1,0,0,0
SN2006pb,FUV,0,0,0,0,0,0,0,0,0,0
SN2006pb,NUV,0,0,0,0,0,0,0,0,0,0
SN2006pd,FUV,0,0,0,0,0,0,0,0,0,0
SN2006pd,NUV,0,0,0,0,0,0,0,0,0,0
SN2006pe,FUV,0,0,0,3,0,1,0,0,0,0
SN2006pe,NUV,1,0,0,0,0,2,1,0,0,0
SN2006pi,FUV,0,0,0,0,0,0,0,0,0,0
SN2006pi,NUV,0,0,0,0,0,0,0,0,0,0
SN2006pj,FUV,0,0,0,0,0,1,0,0,0,0
SN2006pj,NUV,0,0,0,0,0,1,0,0,0,0
SN2006pk,FUV,0,0,0,0,0,0,0,0,0,0
SN2006pk,NUV,0,0,0,0,0,0,0,0,0,0
SN2006pl,FUV,2,0,0,4,0,8,3,0,0,0
SN2006pl,NUV,0,0,0,0,0,9,0,0,0,0
SN2006pm,FUV,0,0,0,3,0,3,0,0,0,0
SN2006pm,NUV,0,0,0,0,0,3,0,0,0,0
SN2006pn,FUV,1,0,3,0,0,3,2,0,0,0
SN2006pn,NUV,1,0,7,0,0,3,1,0,0,0
SN2006pp,FUV,0,0,0,0,0,0,1,0,0,0
SN2006pp,NUV,0,0,0,0,0,0,0,0,0,0
SN2006pq,FUV,0,0,0,2,0,1,0,0,0,0
SN2006pq,NUV,0,0,0,0,0,1,0,0,0,0
SN2006pr,FUV,0,0,0,3,0,3,0,0,0,0
SN2006pr,NUV,0,0,0,0,0,3,0,0,0,0
SN2006ps,FUV,0,0,0,1,0,0,0,0,0,0
SN2006ps,NUV,0,0,0,0,0,0,0,0,0,0
SN2006pt,FUV,3,0,1,3,0,0,4,0,0,0
SN2006pt,NUV,0,0,3,0,0,0,0,0,0,0
SN2006pw,FUV,0,0,0,0,0,0,0,0,0,0
SN2006pw,NUV,0,0,0,0,0,0,0,0,0,0
SN2006px,FUV,0,0,2,1,0,6,0,0,0,0
SN2006px,NUV,0,0,0,0,0,6,0,0,0,0
SN2006py,FUV,0,0,0,0,0,0,0,0,0,0
SN2006py,NUV,0,0,1,0,0,0,0,0,0,0
SN2006qa,FUV,0,0,0,1,0,0,0,0,0,0
SN2006qa,NUV,0,0,0,0,0,0,0,0,0,0
SN2006qb,FUV,0,0,0,0,0,0,0,0,0,0
SN2006qb,NUV,0,0,0,0,0,0,0,0,0,0
SN2006qd,FUV,0,0,0,4,0,5,1,0,0,0
SN2006qd,NUV,0,0,0,0,0,6,0,0,0,0
SN2006qg,FUV,1,0,0,3,0,7,3,0,0,0
SN2006qg,NUV,1,0,0,0,0,7,1,0,0,0
SN2006qh,FUV,0,0,0,0,0,0,0,0,0,0
SN2006qh,NUV,0,0,0,0,0,0,0,0,0,0
SN2006ro,FUV,0,0,0,0,0,0,0,0,0,0
SN2006ro,NUV,0,0,0,0,0,0,0,0,0,0
SN2006rz,FUV,0,0,0,0,0,0,0,0,0,0
SN2006rz,NUV,0,0,0,0,0,0,0,0,0,0
SN2006sb,FUV,0,0,0,2,0,3,0,0,0,0
SN2006sb,NUV,0,0,0,0,0,9,0,0,0,0
SN2006sd,FUV,0,0,0,2,0,0,2,0,0,0
SN2006sd,NUV,1,0,0,0,0,0,1,0,0,0
SN2006sg,FUV,0,0,0,0,0,0,0,0,0,0
SN2006sg,NUV,2,0,0,0,0,9,2,0,0,0
SN2006sh,FUV,0,0,0,0,0,0,0,0,0,0
SN2006sh,NUV,0,0,0,0,0,1,0,0,0,0
SN2006sk,FUV,0,0,0,2,0,3,0,0,0,0
SN2006sk,NUV,1,0,0,0,0,4,2,0,0,0
SN2006so,FUV,0,0,0,3,0,1,0,0,0,0
SN2006so,NUV,0,0,0,0,0,2,0,0,0,0
SN2006sr,FUV,1,0,0,5,0,1,1,0,0,0
SN2006sr,NUV,0,0,0,0,0,2,0,0,0,0
SN2006su,FUV,1,0,0,0,0,0,1,0,0,0
SN2006su,NUV,0,0,0,0,0,0,0,0,0,0
SN2006sw,FUV,0,0,0,0,0,0,0,0,0,0
SN2006sw,NUV,0,0,0,0,0,0,0,0,0,0
SN2006sz,FUV,0,0,0,0,0,0,0,0,0,0
SN2006sz,NUV,0,0,0,0,0,0,0,0,0,0
SN2006ta,FUV,0,0,0,1,0,5,0,0,0,0
SN2006ta,NUV,0,0,0,0,0,6,0,0,0,0
SN2006tb,FUV,1,0,0,0,0,0,1,0,0,0
SN2006tb,NUV,0,0,0,0,0,0,0,0,0,0
SN2006tk,FUV,0,0,0,1,0,2,0,0,0,0
SN2006tk,NUV,0,0,0,0,0,5,0,0,0,0
SN2006tl,FUV,0,0,0,0,0,0,0,0,0,0
SN2006tl,NUV,0,0,0,0,0,0,0,0,0,0
SN2006tm,FUV,1,0,0,1,0,2,1,0,0,0
SN2006tm,NUV,0,0,0,0,0,4,0,0,0,0
SN2006tu,FUV,0,0,0,0,0,0,0,0,0,0
SN2006tu,NUV,0,0,0,0,0,2,0,0,0,0
SN2006ty,FUV,0,0,0,0,0,0,0,0,0,0
SN2006ty,NUV,1,0,0,0,0,0,1,0,0,0
SN2007N,NUV,0,0,0,0,0,0,0,0,0,0
SN2007R,FUV,0,0,0,1,0,0,0,0,0,0
SN2007R,NUV,0,0,0,0,0,0,0,0,0,0
SN2007S,NUV,0,0,0,0,0,0,0,0,0,0
SN2007ae,NUV,0,0,0,0,0,2,0,0,0,0
SN2007al,FUV,0,0,0,1,0,0,0,0,0,0
SN2007al,NUV,0,0,0,0,0,0,0,0,0,0
SN2007ar,FUV,0,0,0,1,0,3,0,0,0,0
SN2007ar,NUV,0,0,0,0,0,4,0,0,0,0
SN2007ax,FUV,0,0,0,0,0,0,0,0,0,0
SN2007ax,NUV,0,0,0,0,0,0,0,0,0,0
SN2007bj,FUV,0,0,0,1,0,0,0,0,0,0
SN2007bj,NUV,0,0,0,0,0,0,0,0,0,0
SN2007cj,FUV,0,0,0,0,0,0,1,0,0,0
SN2007cj,NUV,0,0,0,0,0,0,0,0,0,0
SN2007cv,FUV,0,0,0,1,0,2,0,0,0,0
SN2007cv,NUV,0,0,0,0,0,2,0,0,0,0
SN2007cz,FUV,2,0,0,1,0,0,2,0,0,0
SN2007cz,NUV,0,0,0,0,0,0,0,0,0,0
SN2007da,FUV,0,0,0,2,0,3,1,0,0,0
SN2007da,NUV,0,0,0,0,0,4,0,0,0,0
SN2007dd,NUV,0,0,0,0,0,2,0,0,0,0
SN2007de,NUV,0,0,0,0,0,0,0,0,0,0
SN2007dh,NUV,0,0,0,0,0,0,0,0,0,0
SN2007di,FUV,0,0,0,2,0,0,0,0,0,0
SN2007di,NUV,0,0,0,0,0,0,0,0,0,0
SN2007dj,FUV,1,0,0,0,0,0,1,0,0,0
SN2007dj,NUV,0,0,0,0,0,0,0,0,0,0
SN2007do,NUV,0,0,0,0,0,0,0,0,0,0
SN2007dr,FUV,0,0,0,0,0,0,0,0,0,0
SN2007dr,NUV,0,0,0,0,0,0,0,0,0,0
SN2007ds,FUV,0,0,0,1,0,0,0,0,0,0
SN2007ds,NUV,0,0,0,0,0,0,0,0,0,0
SN2007du,NUV,0,0,0,0,0,0,0,0,0,0
SN2007dx,FUV,0,0,0,1,0,2,1,0,0,0
SN2007dx,NUV,0,0,0,0,0,5,0,0,0,0
SN2007ev,FUV,0,0,0,1,0,0,0,0,0,0
SN2007ev,NUV,0,0,0,0,0,0,0,0,0,0
SN2007fd,FUV,1,0,0,4,0,3,2,0,0,0
SN2007fd,NUV,0,0,0,1,0,3,0,0,0,0
SN2007fq,FUV,0,0,0,0,0,0,0,0,0,0
SN2007fq,NUV,0,0,0,0,0,0,0,0,0,0
SN2007fr,FUV,0,0,1,1,0,0,0,0,0,0
SN2007fr,NUV,0,0,0,1,0,0,0,0,0,0
SN2007fs,FUV,0,0,0,0,0,0,0,0,0,0
SN2007fs,NUV,0,0,0,0,0,0,0,0,0,0
SN2007fu,NUV,0,0,0,0,0,1,0,0,0,0
SN2007gi,FUV,0,0,0,0,0,0,0,0,0,0
SN2007gi,NUV,0,0,0,0,0,0,0,0,0,0
SN2007gt,FUV,0,0,0,0,0,0,1,0,0,0
SN2007gt,NUV,0,0,0,0,0,0,0,0,0,0
SN2007ht,FUV,0,0,0,0,0,0,0,0,0,0
SN2007ht,NUV,0,0,0,0,0,0,0,0,0,0
SN2007hx,FUV,1,0,0,0,0,0,1,0,0,0
SN2007hx,NUV,0,0,0,0,0,0,0,0,0,0
SN2007hy,FUV,0,0,0,0,0,0,0,0,0,0
SN2007hy,NUV,0,0,0,0,0,0,0,0,0,0
SN2007ia,FUV,1,0,0,3,0,5,2,0,0,0
SN2007ia,NUV,0,0,0,0,0,7,0,0,0,0
SN2007ic,FUV,1,0,0,4,0,1,1,0,0,0
SN2007ic,NUV,1,0,0,0,0,1,1,0,0,0
SN2007ie,FUV,20,0,1,5,0,0,21,0,0,0
SN2007ie,NUV,15,0,2,0,0,0,18,0,0,0
SN2007ij,FUV,1,0,0,0,0,0,2,0,0,0
SN2007ij,NUV,0,0,0,0,0,0,0,0,0,0
SN2007ik,FUV,2,0,0,5,0,5,3,0,0,0
SN2007ik,NUV,0,0,0,0,0,6,0,0,0,0
SN2007im,NUV,0,0,0,0,0,0,0,0,0,0
SN2007ip,NUV,0,0,0,0,0,0,0,0,0,0
SN2007is,FUV,0,0,0,0,0,0,0,0,0,0
SN2007is,NUV,0,0,0,0,0,0,0,0,0,0
SN2007ix,FUV,0,0,0,0,0,0,0,0,0,0
SN2007ix,NUV,0,0,0,0,0,0,0,0,0,0
SN2007iy,NUV,1,0,0,0,0,33,1,0,0,0
SN2007jb,FUV,0,0,0,0,0,0,0,0,0,0
SN2007jb,NUV,0,0,0,0,0,0,0,0,0,0
SN2007jc,FUV,1,0,0,0,0,0,1,0,0,0
SN2007jc,NUV,0,0,0,0,0,0,0,0,0,0
SN2007je,FUV,0,0,0,0,0,0,0,0,0,0
SN2007je,NUV,0,0,0,0,0,0,0,0,0,0
SN2007jg,FUV,2,0,0,0,0,0,2,0,0,0
SN2007jg,NUV,0,0,0,0,0,0,0,0,0,0
SN2007jh,FUV,0,0,0,1,0,0,0,0,0,0
SN2007jh,NUV,0,0,0,0,0,0,0,0,0,0
SN2007jj,FUV,0,0,0,4,0,3,0,0,0,0
SN2007jj,NUV,1,0,0,0,0,3,1,0,0,0
SN2007jk,FUV,1,0,0,0,0,0,1,0,0,0
SN2007jk,NUV,1,0,0,0,0,0,2,0,0,0
SN2007jo,FUV,0,0,0,2,0,0,0,0,0,0
SN2007jo,NUV,0,0,0,0,0,0,0,0,0,0
SN2007jp,FUV,1,0,0,4,0,5,2,0,0,0
SN2007jp,NUV,1,0,0,0,0,5,1,0,0,0
SN2007jr,FUV,0,0,0,1,0,0,0,0,0,0
SN2007jr,NUV,0,0,0,0,0,0,0,0,0,0
SN2007jt,FUV,0,0,0,0,0,0,0,0,0,0
SN2007jt,NUV,0,0,0,0,0,0,0,0,0,0
SN2007ju,FUV,0,0,0,0,0,0,0,0,0,0
SN2007ju,NUV,0,0,1,0,0,0,0,0,0,0
SN2007jv,FUV,0,0,0,0,0,0,0,0,0,0
SN2007jv,NUV,0,0,0,0,0,0,0,0,0,0
SN2007jw,FUV,0,0,0,0,0,0,0,0,0,0
SN2007jw,NUV,0,0,0,0,0,0,0,0,0,0
SN2007jy,NUV,0,0,0,0,0,0,0,0,0,0
SN2007jz,FUV,1,0,1,4,0,4,1,0,0,0
SN2007jz,NUV,0,0,1,0,0,5,0,0,0,0
SN2007kb,NUV,0,0,0,0,0,6,0,0,0,0
SN2007kd,FUV,0,0,0,1,0,0,0,0,0,0
SN2007kd,NUV,0,0,0,0,0,0,0,0,0,0
SN2007kp,FUV,1,0,0,0,0,0,1,0,0,0
SN2007kp,NUV,0,0,0,0,0,0,0,0,0,0
SN2007kr,FUV,0,0,0,3,0,2,1,0,0,0
SN2007kr,NUV,0,0,0,0,0,2,0,0,0,0
SN2007ku,FUV,1,0,0,2,0,4,1,0,0,0
SN2007ku,NUV,0,0,0,0,0,4,0,0,0,0
SN2007kx,FUV,1,0,0,0,0,0,1,0,0,0
SN2007kx,NUV,1,0,0,0,0,0,1,0,0,0
SN2007la,NUV,0,0,0,0,0,2,0,0,0,0
SN2007lc,FUV,0,0,0,0,0,0,0,0,0,0
SN2007lc,NUV,0,0,0,0,0,0,0,0,0,0
SN2007le,FUV,0,0,0,1,0,0,0,0,0,0
SN2007le,NUV,0,0,0,0,0,0,0,0,0,0
SN2007lf,FUV,0,0,0,0,0,0,0,0,0,0
SN2007lf,NUV,0,0,0,0,0,0,0,0,0,0
SN2007lg,FUV,1,0,0,0,0,0,1,0,0,0
SN2007lg,NUV,0,0,0,0,0,0,0,0,0,0
SN2007lh,FUV,0,0,0,0,0,0,0,0,0,0
SN2007lh,NUV,1,0,0,0,0,10,1,0,0,0
SN2007li,FUV,1,0,0,5,0,4,2,0,0,0
SN2007li,NUV,2,0,0,0,0,4,3,0,0,0
SN2007lk,FUV,0,0,0,0,0,0,0,0,0,0
SN2007lk,NUV,0,0,0,0,0,0,0,0,0,0
SN2007lm,FUV,1,0,0,0,0,0,1,0,0,0
SN2007lm,NUV,0,0,0,0,0,0,0,0,0,0
SN2007lo,NUV,0,0,0,0,0,0,0,0,0,0
SN2007lp,FUV,0,0,0,0,0,0,0,0,0,0
SN2007lp,NUV,0,0,0,1,0,0,1,0,0,0
SN2007lt,FUV,1,0,0,2,0,0,1,0,0,0
SN2007lt,NUV,1,0,0,0,0,0,1,0,0,0
SN2007lv,FUV,0,0,1,4,0,6,0,0,0,0
SN2007lv,NUV,0,0,3,0,0,12,0,0,0,0
SN2007ly,NUV,6,0,0,1,0,1,6,0,0,0
SN2007ma,FUV,1,0,0,3,0,1,1,0,0,0
SN2007ma,NUV,0,0,0,1,0,1,0,0,0,0
SN2007mc,FUV,1,0,0,1,0,1,1,0,0,0
SN2007mc,NUV,0,0,0,0,0,2,0,0,0,0
SN2007me,FUV,1,0,0,0,0,1,1,0,0,0
SN2007me,NUV,0,0,0,0,0,1,0,0,0,0
SN2007mf,FUV,0,0,0,0,0,0,0,0,0,0
SN2007mf,NUV,0,0,0,0,0,0,0,0,0,0
SN2007mh,FUV,0,0,0,0,0,0,0,0,0,0
SN2007mh,NUV,0,0,0,0,0,0,0,0,0,0
SN2007mi,FUV,0,0,0,0,0,0,0,0,0,0
SN2007mi,NUV,0,0,0,0,0,0,0,0,0,0
SN2007mo,FUV,0,0,0,5,0,11,0,0,0,0
SN2007mo,NUV,2,0,0,0,0,12,2,0,0,0
SN2007mp,FUV,0,0,0,3,0,5,0,0,0,0
SN2007mp,NUV,0,0,3,0,0,14,0,0,0,0
SN2007mt,FUV,0,0,0,2,0,0,0,0,0,0
SN2007mt,NUV,0,0,0,0,0,0,0,0,0,0
SN2007mu,FUV,1,0,0,1,0,0,1,0,0,0
SN2007mu,NUV,0,0,1,0,0,0,0,0,0,0
SN2007mv,FUV,0,0,0,0,0,0,0,0,0,0
SN2007mv,NUV,0,0,0,0,0,0,0,0,0,0
SN2007mw,FUV,0,0,0,0,0,0,0,0,0,0
SN2007mw,NUV,0,0,0,0,0,0,0,0,0,0
SN2007mx,FUV,0,0,0,0,0,0,0,0,0,0
SN2007mx,NUV,0,0,0,0,0,0,0,0,0,0
SN2007my,FUV,0,0,0,0,0,0,1,0,0,0
SN2007my,NUV,0,0,0,1,0,0,0,0,0,0
SN2007mz,FUV,0,0,0,3,0,0,0,0,0,0
SN2007mz,NUV,1,0,0,0,0,0,1,0,0,0
SN2007na,FUV,4,0,0,11,0,13,4,0,0,0
SN2007na,NUV,0,0,0,0,0,31,1,0,0,0
SN2007nb,FUV,8,0,11,31,0,7,9,0,0,0
SN2007nb,NUV,7,0,5,1,0,12,7,0,0,0
SN2007nd,FUV,0,0,1,2,0,0,0,0,0,0
SN2007nd,NUV,0,0,1,0,0,0,0,0,0,0
SN2007ne,FUV,0,0,1,1,0,4,1,0,0,0
SN2007ne,NUV,0,0,1,0,0,4,0,0,0,0
SN2007nf,FUV,1,0,0,1,0,1,1,0,0,0
SN2007nf,NUV,0,0,0,0,0,1,0,0,0,0
SN2007nz,FUV,0,0,0,1,0,0,0,0,0,0
SN2007nz,NUV,1,0,0,0,0,0,1,0,0,0
SN2007oi,FUV,1,0,0,0,0,0,1,0,0,0
SN2007oi,NUV,0,0,0,0,0,0,0,0,0,0
SN2007oj,FUV,1,0,0,4,0,5,1,0,0,0
SN2007oj,NUV,0,0,0,0,0,5,0,0,0,0
SN2007ol,FUV,0,0,0,4,0,0,1,0,0,0
SN2007ol,NUV,0,0,0,0,0,0,0,0,0,0
SN2007om,FUV,0,0,0,0,0,1,0,0,0,0
SN2007om,NUV,0,0,0,0,0,1,0,0,0,0
SN2007on,FUV,6,0,1,21,0,30,7,0,0,0
SN2007on,NUV,3,0,1,0,0,34,4,1,0,0
SN2007oq,FUV,0,0,0,3,0,0,0,0,0,0
SN2007oq,NUV,0,0,0,0,0,0,0,0,0,0
SN2007os,FUV,0,0,0,0,0,0,0,0,0,0
SN2007os,NUV,0,0,0,0,0,0,0,0,0,0
SN2007ot,FUV,0,0,0,0,0,0,0,0,0,0
SN2007ot,NUV,0,0,0,0,0,0,0,0,0,0
SN2007ox,NUV,0,0,0,0,0,0,0,0,0,0
SN2007oy,FUV,0,0,0,0,0,0,1,0,0,0
SN2007oy,NUV,0,0,0,0,0,0,1,0,0,0
SN2007oz,FUV,0,0,0,0,0,0,0,0,0,0
SN2007oz,NUV,0,0,0,0,0,0,0,0,0,0
SN2007pb,FUV,0,0,0,1,0,0,0,0,0,0
SN2007pb,NUV,0,0,0,0,0,0,0,0,0,0
SN2007pc,FUV,1,0,0,0,0,0,1,0,0,0
SN2007pc,NUV,0,0,0,0,0,0,0,0,0,0
SN2007pe,FUV,0,0,0,0,0,0,0,0,0,0
SN2007pe,NUV,0,0,0,0,0,0,0,0,0,0
SN2007pf,FUV,1,0,0,1,0,0,2,0,0,0
SN2007pf,NUV,0,0,0,2,0,0,0,0,0,0
SN2007pi,FUV,0,0,0,2,0,4,0,0,0,0
SN2007pi,NUV,0,0,0,0,0,4,0,0,0,0
SN2007pj,FUV,1,0,0,5,0,9,2,0,0,0
SN2007pj,NUV,0,0,2,0,0,9,0,0,0,0
SN2007pn,FUV,0,0,0,1,0,4,0,0,0,0
SN2007pn,NUV,1,0,0,0,0,4,1,0,0,0
SN2007pq,FUV,0,0,0,0,0,1,0,0,0,0
SN2007pq,NUV,0,0,0,0,0,1,0,0,0,0
SN2007pr,FUV,0,0,0,1,0,3,0,0,0,0
SN2007pr,NUV,0,0,0,0,0,3,0,0,0,0
SN2007ps,FUV,0,0,0,1,0,0,0,0,0,0
SN2007ps,NUV,0,0,0,0,0,0,0,0,0,0
SN2007pt,FUV,0,0,0,3,0,5,0,0,0,0
SN2007pt,NUV,0,0,0,0,0,5,0,0,0,0
SN2007pu,NUV,1,0,0,0,0,6,1,0,0,0
SN2007px,FUV,0,0,0,1,0,6,0,0,0,0
SN2007px,NUV,0,0,0,0,0,6,0,0,0,0
SN2007py,FUV,0,0,0,0,0,0,0,0,0,0
SN2007py,NUV,0,0,0,0,0,0,0,0,0,0
SN2007pz,FUV,0,0,0,0,0,0,0,0,0,0
SN2007pz,NUV,0,0,0,0,0,0,0,0,0,0
SN2007qa,FUV,0,0,2,1,0,1,0,0,0,0
SN2007qa,NUV,0,0,2,2,0,1,0,0,0,0
SN2007qd,FUV,0,0,0,2,0,4,1,0,0,0
SN2007qd,NUV,0,0,0,0,0,4,0,0,0,0
SN2007qe,FUV,0,0,0,0,0,2,0,0,0,0
SN2007qe,NUV,0,0,0,0,0,2,0,0,0,0
SN2007qf,FUV,1,0,0,5,0,5,2,0,0,0
SN2007qf,NUV,1,0,1,1,0,39,1,0,0,0
SN2007qg,FUV,0,0,0,0,0,0,0,0,0,0
SN2007qg,NUV,0,0,0,0,0,0,0,0,0,0
SN2007qi,FUV,0,0,0,2,0,3,0,0,0,0
SN2007qi,NUV,0,0,0,0,0,3,0,0,0,0
SN2007qj,NUV,0,0,0,0,0,0,1,0,0,0
SN2007qk,FUV,4,0,0,0,0,0,4,0,0,0
SN2007qk,NUV,5,0,0,0,0,0,6,0,0,0
SN2007ql,FUV,12,0,4,64,4,36,21,0,0,0
SN2007ql,NUV,9,0,16,2,0,81,14,0,0,0
SN2007qo,FUV,0,0,0,0,0,0,0,0,0,0
SN2007qo,NUV,0,0,0,0,0,0,0,0,0,0
SN2007qr,FUV,0,0,0,0,0,0,0,0,0,0
SN2007qr,NUV,0,0,0,0,0,0,0,0,0,0
SN2007qs,FUV,0,0,0,4,0,7,1,0,0,0
SN2007qs,NUV,0,0,0,0,0,8,0,0,0,0
SN2007qt,FUV,2,0,1,2,0,3,2,0,0,0
SN2007qt,NUV,0,0,1,0,0,3,0,0,0,0
SN2007qu,NUV,0,0,0,0,0,0,0,0,0,0
SN2007qy,FUV,0,0,0,0,0,0,0,0,0,0
SN2007qy,NUV,0,0,1,0,0,1,0,0,0,0
SN2007qz,FUV,2,0,0,5,0,7,3,0,0,0
SN2007qz,NUV,0,0,0,0,0,9,0,0,0,0
SN2007ra,FUV,3,0,0,5,0,9,4,0,0,0
SN2007ra,NUV,2,0,0,0,0,14,2,0,0,0
SN2007rd,NUV,0,0,0,0,0,5,0,0,0,0
SN2007re,FUV,0,0,0,0,0,0,1,0,0,0
SN2007re,NUV,0,0,0,0,0,0,1,0,0,0
SN2007rf,FUV,0,0,0,1,0,0,0,0,0,0
SN2007rf,NUV,0,0,0,0,0,0,0,0,0,0
SN2007rg,FUV,0,0,0,0,0,0,0,0,0,0
SN2007rg,NUV,0,0,0,0,0,0,1,0,0,0
SN2007ri,FUV,0,0,0,2,0,5,0,0,0,0
SN2007ri,NUV,0,0,0,0,0,5,0,0,0,0
SN2007rj,FUV,2,0,0,2,0,0,2,0,0,0
SN2007rj,NUV,0,0,0,0,0,0,0,0,0,0
SN2007rl,FUV,1,0,0,0,0,0,1,0,0,0
SN2007rl,NUV,0,0,0,0,0,0,1,0,0,0
SN2007rm,FUV,1,0,0,4,0,0,1,0,0,0
SN2007rm,NUV,0,0,0,0,0,0,0,0,0,0
SN2007rn,FUV,1,0,0,4,0,6,1,0,0,0
SN2007rn,NUV,0,0,0,0,0,6,0,0,0,0
SN2007ro,FUV,0,0,0,0,0,0,0,0,0,0
SN2007ro,NUV,0,0,0,0,0,0,0,0,0,0
SN2007rv,FUV,0,0,0,1,0,2,0,0,0,0
SN2007rv,NUV,0,0,0,0,0,2,0,0,0,0
SN2007sb,FUV,1,0,0,3,0,5,1,0,0,0
SN2007sb,NUV,0,0,0,0,0,5,0,0,0,0
SN2007sc,FUV,0,0,0,0,0,0,0,0,0,0
SN2007sc,NUV,1,0,0,0,0,0,1,0,0,0
SN2007se,FUV,1,0,0,4,0,0,1,0,0,0
SN2007se,NUV,1,0,0,0,0,1,1,0,0,0
SN2007sf,FUV,0,0,0,1,0,0,0,0,0,0
SN2007sf,NUV,0,0,0,0,0,0,0,0,0,0
SN2007sl,FUV,0,0,0,3,0,5,1,0,0,0
SN2007sl,NUV,0,0,3,2,0,15,0,0,0,0
SN2007sn,FUV,1,0,0,2,0,0,2,0,0,0
SN2007sn,NUV,5,0,0,0,0,4,5,0,0,0
SN2007tf,FUV,1,0,0,0,0,0,1,0,0,0
SN2007tf,NUV,1,0,0,0,0,4,1,0,0,0
SN2007tl,FUV,0,0,0,3,0,1,0,0,0,0
SN2007tl,NUV,0,0,0,0,0,4,0,0,0,0
SN2007tq,FUV,0,0,0,0,0,0,0,0,0,0
SN2007tq,NUV,0,0,1,0,0,0,0,0,0,0
SN2007tr,FUV,0,0,0,0,0,0,0,0,0,0
SN2007tr,NUV,0,0,0,0,0,0,0,0,0,0
SN2007ts,FUV,1,0,0,1,0,1,1,0,0,0
SN2007ts,NUV,0,0,0,0,0,1,0,0,0,0
SN2007tt,FUV,0,0,0,3,0,0,0,0,0,0
SN2007tt,NUV,0,0,0,0,0,4,0,0,0,0
SN2007tv,NUV,1,0,0,0,0,27,1,0,0,0
SN2007ui,NUV,0,0,0,1,0,4,0,0,0,0
SN2007uj,NUV,0,0,0,0,0,4,0,0,0,0
SN2007um,NUV,0,0,0,0,0,0,0,0,0,0
SN2007un,FUV,0,0,0,2,0,1,0,0,0,0
SN2007un,NUV,0,0,0,1,0,1,0,0,0,0
SN2007uo,FUV,0,0,1,5,0,8,1,0,0,0
SN2007uo,NUV,1,0,1,0,0,16,1,0,0,0
SN2007ur,NUV,0,0,0,0,0,0,0,0,0,0
SN2007ut,FUV,0,0,0,0,0,3,0,0,0,0
SN2007ut,NUV,0,0,0,0,0,8,0,0,0,0
SN2007uw,FUV,0,0,0,1,0,2,0,0,0,0
SN2007uw,NUV,0,0,0,0,0,2,0,0,0,0
SN2007ux,NUV,0,0,1,0,0,3,0,0,0,0
SN2008J,NUV,0,0,0,0,0,0,0,0,0,0
SN2008ac,NUV,0,0,0,0,0,1,0,0,0,0
SN2008ae,NUV,0,0,1,0,0,0,0,0,0,0
SN2008af,NUV,0,0,0,0,0,0,0,0,0,0
SN2008ah,NUV,0,0,0,0,0,0,0,0,0,0
SN2008bg,FUV,0,0,0,1,0,2,0,0,0,0
SN2008bg,NUV,1,0,0,0,0,3,1,0,0,0
SN2008bi,FUV,0,0,0,0,0,0,0,0,0,0
SN2008bi,NUV,0,0,0,0,0,0,0,0,0,0
SN2008ca,FUV,0,0,0,3,0,1,0,0,0,0
SN2008ca,NUV,1,0,0,0,0,2,1,0,0,0
SN2008cj,NUV,0,0,0,0,0,0,0,0,0,0
SN2008cl,NUV,0,0,0,0,0,1,0,0,0,0
SN2008cr,NUV,0,0,0,0,0,0,0,0,0,0
SN2008dh,NUV,0,0,0,0,0,1,0,0,0,0
SN2008dm,NUV,0,0,0,0,0,3,0,0,0,0
SN2008dr,NUV,0,0,0,0,0,2,0,0,0,0
SN2008ds,NUV,0,0,0,0,0,0,0,0,0,0
SN2008ee,FUV,1,0,0,0,0,0,1,0,0,0
SN2008ee,NUV,0,0,0,0,0,0,0,0,0,0
SN2008fj,FUV,0,0,0,0,0,0,0,0,0,0
SN2008fj,NUV,0,0,0,0,0,0,0,0,0,0
SN2008hd,NUV,0,0,0,1,0,0,0,0,0,0
SN2008hr,NUV,0,0,0,0,0,0,0,0,0,0
SN2008hv,FUV,0,0,0,2,0,4,0,0,0,0
SN2008hv,NUV,0,0,0,0,0,4,1,0,0,0
SN2008hz,NUV,1,0,0,1,0,1,1,0,0,0
SN2008iq,FUV,0,0,0,0,0,0,0,0,0,0
SN2008iq,NUV,0,0,0,0,0,0,0,0,0,0
SN2008ir,NUV,2,0,3,2,0,0,2,0,0,0
SN2008s1,FUV,0,0,0,2,0,0,0,0,0,0
SN2008s1,NUV,0,0,0,0,0,0,0,0,0,0
SN2009L,FUV,1,0,2,17,0,0,8,0,0,0
SN2009L,NUV,7,0,4,1,0,0,7,0,0,0
SN2009an,NUV,0,0,0,0,0,2,0,0,0,0
SN2009as,NUV,0,0,0,0,0,0,0,0,0,0
SN2009cj,NUV,0,0,1,0,0,4,0,0,0,0
SN2009cn,NUV,0,0,0,0,0,0,0,0,0,0
SN2009cp,NUV,0,0,0,0,0,0,0,0,0,0
SN2009cs,NUV,0,0,0,0,0,0,0,0,0,0
SN2009cu,NUV,2,0,0,0,0,17,2,0,0,0
SN2009cx,FUV,2,0,0,3,0,0,2,0,0,0
SN2009cx,NUV,1,0,0,0,0,0,1,0,0,0
SN2009cz,NUV,0,0,0,0,0,0,0,0,0,0
SN2009dg,NUV,0,0,0,0,0,2,0,0,0,0
SN2009dk,NUV,0,0,0,0,0,0,0,0,0,0
SN2009dl,NUV,0,0,0,0,0,0,0,0,0,0
SN2009du,NUV,0,0,0,0,0,0,0,0,0,0
SN2009eh,NUV,0,0,0,0,0,0,0,0,0,0
SN2009eu,FUV,0,0,0,2,0,2,0,0,0,0
SN2009eu,NUV,1,0,0,0,0,3,1,0,0,0
SN2009ey,NUV,2,0,0,0,0,0,3,0,0,0
SN2009ez,NUV,0,0,0,0,0,0,0,0,0,0
SN2009fh,NUV,0,0,0,0,0,3,0,0,0,0
SN2009fj,NUV,0,0,2,0,0,2,0,0,0,0
SN2009fk,NUV,1,0,1,0,0,0,1,0,0,0
SN2009fl,NUV,0,0,0,0,0,0,0,0,0,0
SN2009gb,NUV,0,0,0,0,0,0,0,0,0,0
SN2009gf,NUV,0,0,0,0,0,0,0,0,0,0
SN2009hn,NUV,1,0,0,0,0,2,1,0,0,0
SN2009iv,NUV,0,0,0,0,0,0,0,0,0,0
SN2009iy,NUV,0,0,0,0,0,0,0,0,0,0
SN2009ko,NUV,0,0,0,0,0,3,0,0,0,0
SN2009ku,NUV,0,0,1,0,0,2,0,0,0,0
SN2009kv,NUV,3,0,0,0,0,45,4,0,0,0
SN2009kw,NUV,0,0,29,0,0,50,0,0,0,0
SN2009kx,NUV,2,0,0,3,0,1,2,0,0,0
SN2009ky,NUV,11,0,43,6,0,73,12,0,0,0
SN2009kz,NUV,0,0,0,0,0,6,0,0,0,0
SN2009ml,NUV,0,0,0,0,0,0,0,0,0,0
SN2009ms,NUV,0,0,0,0,0,1,0,0,0,0
SN2010ai,NUV,2,0,4,4,0,1,2,0,0,0
SN2010ar,NUV,2,0,0,0,0,5,2,0,0,0
SN2010bu,NUV,0,0,0,0,0,0,0,0,0,0
SN2010dl,NUV,2,0,0,0,0,76,2,0,0,0
SN2010ex,NUV,0,0,0,0,0,0,0,0,0,0
SN2010fa,NUV,0,0,0,0,0,0,0,0,0,0
SN2010fb,NUV,0,0,0,0,0,5,0,0,0,1
SN2010fc,NUV,3,0,0,0,0,29,4,0,0,1
SN2010fe,NUV,3,0,0,0,0,20,3,0,0,1
SN2010fh,NUV,2,0,0,0,0,15,2,0,0,0
SN2010fn,NUV,1,0,0,3,0,2,1,0,0,5
SN2010fs,NUV,0,0,0,0,0,1,1,0,0,0
SN2010kn,NUV,0,0,0,0,0,4,0,0,0,0
SN2011ad,NUV,0,0,0,0,0,0,0,0,0,0
SN2011cx,NUV,0,0,0,0,0,0,0,0,0,0
SN2011dp,NUV,0,0,0,0,0,0,0,0,0,0
SN2011fw,NUV,0,0,0,0,0,0,0,0,0,0
SNF20080322-001,NUV,0,0,0,0,0,0,0,0,0,0
SNF20080322-003,NUV,0,0,0,0,0,2,0,0,0,0
SNF20080623-007,NUV,0,0,0,0,0,0,0,0,0,0
SNF20080919-002,NUV,0,0,0,0,0,0,0,0,0,0
SNLS-03D1fb,FUV,4,0,1,9,0,12,5,0,0,0
SNLS-03D1fb,NUV,1,0,1,0,0,16,1,0,0,0
SNLS-03D1fc,FUV,11,0,0,19,0,23,15,0,0,0
SNLS-03D1fc,NUV,3,0,1,0,0,51,3,0,0,0
SNLS-04D1hd,FUV,7,0,1,36,0,21,13,0,0,0
SNLS-04D1hd,NUV,8,0,1,3,0,22,10,0,0,0
SNLS-04D1rh,FUV,1,0,0,6,0,0,2,0,0,0
SNLS-04D1rh,NUV,0,0,0,0,0,0,1,0,0,0
SNLS-04D2bt,FUV,22,0,4,50,0,77,29,0,0,0
SNLS-04D2bt,NUV,18,0,5,2,0,93,21,1,0,0
SNLS-04D2cf,FUV,3,0,3,7,0,7,3,0,0,0
SNLS-04D2cf,NUV,0,0,2,0,0,8,0,0,0,0
SNLS-04D2fs,FUV,6,0,4,13,0,4,11,0,0,0
SNLS-04D2fs,NUV,1,0,3,0,0,5,1,0,0,0
SNLS-04D2gb,FUV,5,0,3,8,0,10,9,0,0,0
SNLS-04D2gb,NUV,2,0,2,4,0,29,4,0,0,0
SNLS-04D3df,NUV,0,0,2,0,0,16,1,0,0,0
SNLS-04D3ez,NUV,1,0,4,0,0,49,1,0,0,0
SNLS-04D3gt,NUV,17,0,2,0,0,1,19,0,0,0
SNLS-04D3nh,NUV,0,0,0,0,0,23,0,0,0,0
SNLS-05D1by,FUV,5,0,0,13,0,1,7,1,0,0
SNLS-05D1by,NUV,3,0,1,2,0,1,4,0,0,0
SNLS-05D1ej,NUV,5,0,1,1,0,23,5,0,0,0
SNLS-05D1hk,FUV,10,0,0,24,0,60,15,0,0,0
SNLS-05D1hk,NUV,3,0,1,6,0,86,5,0,0,0
SNLS-05D1ix,FUV,3,0,0,20,0,2,10,0,0,0
SNLS-05D1ix,NUV,4,0,1,0,0,23,4,0,0,0
SNLS-05D1iy,FUV,11,0,0,30,0,51,15,0,0,0
SNLS-05D1iy,NUV,6,0,0,0,0,60,7,0,0,0
SNLS-05D2ab,FUV,6,0,4,13,0,9,8,0,0,0
SNLS-05D2ab,NUV,2,0,4,0,0,30,3,0,0,0
SNLS-05D2ac,FUV,11,0,2,29,0,50,17,0,0,0
SNLS-05D2ac,NUV,8,0,2,0,0,62,8,0,0,0
SNLS-05D2ah,FUV,14,0,4,23,0,59,15,0,0,0
SNLS-05D2ah,NUV,9,0,3,0,0,90,11,1,0,0
SNLS-05D2bv,FUV,11,0,4,17,0,1,17,0,0,0
SNLS-05D2bv,NUV,3,0,4,0,0,5,3,0,0,0
SNLS-05D2cb,FUV,18,0,3,43,0,52,23,0,0,0
SNLS-05D2cb,NUV,9,1,4,0,0,59,10,1,0,0
SNLS-05D2dw,FUV,11,0,2,45,0,36,14,0,0,0
SNLS-05D2dw,NUV,3,0,2,6,0,44,4,0,0,0
SNLS-05D2ei,FUV,10,0,3,28,0,52,15,0,0,0
SNLS-05D2ei,NUV,2,0,2,0,0,88,3,0,0,0
SNLS-05D2hc,FUV,9,1,4,15,0,8,12,2,0,0
SNLS-05D2hc,NUV,0,0,3,0,0,8,0,0,0,0
SNLS-05D2ie,FUV,14,0,2,31,0,22,18,0,0,0
SNLS-05D2ie,NUV,9,0,3,8,0,62,10,0,0,0
SNLS-05D2ja,FUV,15,0,6,44,0,21,23,0,0,0
SNLS-05D2ja,NUV,12,0,6,1,0,42,15,0,0,0
SNLS-05D2mp,FUV,5,0,1,2,0,0,12,0,0,0
SNLS-05D2mp,NUV,0,0,2,2,0,0,0,0,0,0
SNLS-05D3dd,NUV,5,0,2,0,0,3,5,0,0,0
SNLS-05D3jr,NUV,21,0,4,0,0,20,26,2,0,0
SNLS-05D3kx,NUV,3,0,2,7,0,1,3,0,0,0
SNLS-05D3mq,NUV,11,0,4,6,0,6,13,0,0,0
SNLS-05D3ne,NUV,3,0,4,0,0,18,3,0,0,0
SNLS-05D4af,FUV,3,0,17,12,0,0,3,0,0,0
SNLS-05D4af,NUV,0,0,4,0,0,0,0,0,0,0
SNLS-05D4ay,FUV,1,0,18,0,0,0,2,0,0,0
SNLS-05D4ay,NUV,5,0,4,6,0,1,6,0,0,0
SNLS-05D4bm,FUV,9,0,15,45,0,90,13,0,0,0
SNLS-05D4bm,NUV,1,0,4,0,0,103,2,0,0,0
SNLS-05D4cw,FUV,2,0,18,0,0,0,5,0,0,0
SNLS-05D4cw,NUV,11,0,4,2,0,0,13,0,0,0
SNLS-05D4dt,FUV,19,0,18,5,0,2,20,0,0,0
SNLS-05D4dt,NUV,0,0,4,0,0,3,0,0,0,0
SNLS-05D4ff,FUV,9,0,17,6,0,1,9,0,0,0
SNLS-05D4ff,NUV,6,0,4,0,0,1,6,0,0,0
SNLS-06D1ab,FUV,6,0,0,12,0,4,10,0,0,0
SNLS-06D1ab,NUV,0,0,1,0,0,32,3,0,0,0
SNLS-06D2ag,FUV,13,0,3,19,0,23,18,0,0,0
SNLS-06D2ag,NUV,1,0,2,0,0,50,1,0,0,0
SNLS-06D2bk,FUV,8,0,2,9,0,0,12,0,0,0
SNLS-06D2bk,NUV,2,0,2,1,0,0,2,0,0,0
SNLS-06D2fb,FUV,10,0,4,30,0,40,15,0,0,0
SNLS-06D2fb,NUV,4,0,3,1,0,50,4,0,0,0
SNLS-06D2ff,FUV,16,0,6,26,0,2,26,0,0,0
SNLS-06D2ff,NUV,7,0,6,0,0,2,8,0,0,0
SNLS-06D2gb,FUV,15,0,7,30,0,52,20,0,0,0
SNLS-06D2gb,NUV,4,0,7,0,0,63,5,0,0,0
SNLS-06D3cn,NUV,1,0,4,0,0,3,3,0,0,0
SNLS-06D3df,NUV,21,0,2,0,0,1,22,0,0,0
SNLS-06D3dt,NUV,13,0,4,0,0,205,15,0,0,0
SNLS-06D3ed,NUV,6,0,4,1,0,10,9,0,0,0
SNLS-06D3fp,NUV,3,0,4,3,0,18,5,0,0,0
SNLS-06D3gn,NUV,8,0,4,4,0,201,9,0,0,0
SNLS-06D4cq,FUV,10,0,17,40,0,22,12,0,0,0
SNLS-06D4cq,NUV,5,0,4,0,0,38,7,0,0,0
SNLS-06D4dh,FUV,6,0,18,21,0,1,7,0,0,0
SNLS-06D4dh,NUV,7,0,4,0,0,2,7,0,0,0
Yowie,FUV,9,0,0,3,0,1,11,0,0,0
Yowie,NUV,75,0,0,0,0,1,82,0,0,0
